group,name,lat,lng,notes,icon,areaId
DAISO,コーナン船橋花輪インター店,35.6908,140.0051,千葉県船橋市宮本9-5-15,shop4,CHIBA_UCHIBOU
DAISO,フォルテ船橋店,35.7142,139.962,千葉県船橋市行田1-50-2 フォルテ船橋2階,shop4,CHIBA_UCHIBOU
DAISO,イクスピアリ店,35.6348,139.8853,千葉県浦安市舞浜1-4 イクスピアリ3階,shop4,CHIBA_UCHIBOU
DAISO,ベルク佐倉志津店,35.7147,140.1435,千葉県佐倉市上志津1764-1 ベルク佐倉志津1階,shop4,CHIBA_UCHIBOU
DAISO,イトーヨーカドー幕張店,35.6562,140.0416,千葉県千葉市花見川区幕張町4-417-25 2階,shop4,CHIBA_UCHIBOU
DAISO,イオンタウン旭店,35.7196,140.6449,千葉県旭市イ4337-1,shop4,CHIBA_CHOUSHI
DAISO,くすりの福太郎千葉桜木店,35.6268,140.1587,千葉県千葉市若葉区桜木6-19-68,shop4,CHIBA_SOTOBOU
DAISO,旭サンモール店,35.723,140.6483,千葉県旭市イ-2676旭サンモール店内1階,shop4,CHIBA_CHOUSHI
DAISO,ゆみーる鎌取店,35.5627,140.1786,千葉県千葉市緑区おゆみ野3丁目16番地ゆみーる鎌取店内3階,shop4,CHIBA_SOTOBOU
DAISO,イオン高根木戸店,35.7271,140.0402,千葉県船橋市習志野台1-1-3イオン高根木戸店内2階,shop4,CHIBA_UCHIBOU
DAISO,イオンスタイル千葉みなと店,35.6033,140.1065,千葉県千葉市中央区問屋町2-29,shop4,CHIBA_UCHIBOU
DAISO,サミット馬込沢店,35.7423,139.9918,千葉県船橋市藤原7丁目2-2サミット馬込沢店2階,shop4,CHIBA_UCHIBOU
DAISO,イオンモール富津店,35.3129,139.8519,千葉県富津市青木1丁目5-1イオンモール富津店3階,shop4,CHIBA_UCHIBOU
DAISO,千葉駅前店,35.6127,140.1189,千葉県千葉市中央区富士見2-3-1塚本大千葉ビルディング3階,shop4,CHIBA_UCHIBOU
DAISO,イオン新浦安店,35.6482,139.9126,千葉県浦安市入船1-4-1イオンスタイル新浦安3階,shop4,CHIBA_UCHIBOU
DAISO,ドン・キホーテ柏駅前店,35.8617,139.9723,千葉県柏市柏1-3-1ドン・キホーテ柏駅前店内4階,shop4,CHIBA_UCHIBOU
DAISO,古市場店,35.5323,140.1437,千葉県市原市古市場594-1,shop4,CHIBA_UCHIBOU
DAISO,プラーレ松戸店,35.7836,139.9019,千葉県松戸市松戸1149-1プラーレ松戸店内4階,shop4,CHIBA_UCHIBOU
DAISO,イオン八街店,35.6738,140.3117,千葉県八街市文違301イオン八街SC内,shop4,CHIBA_SOTOBOU
DAISO,MEGAドン・キホーテ成東店,35.6009,140.4005,千葉県山武市成東1808-1MEGAドン・キホーテ成東店内1階,shop4,CHIBA_SOTOBOU
DAISO,MEGAドン・キホーテ四街道店,35.6565,140.177,千葉県四街道市めいわ2丁目1番1号MEGAドン・キホーテ四街道店2階,shop4,CHIBA_SOTOBOU
DAISO,マルエツ安食店,35.8398,140.2374,千葉県印旛郡栄町安食台1-3-4マルエツ安食店2階,shop4,CHIBA_SOTOBOU
DAISO,くすりの福太郎幕張本郷6丁目店,35.6749,140.0384,千葉県千葉市花見川区幕張本郷6-24-21,shop4,CHIBA_UCHIBOU
DAISO,イオンタウン松ヶ崎店,35.8814,139.9822,千葉県柏市大山台1丁目6番地イオンタウン松ヶ崎店内,shop4,CHIBA_UCHIBOU
DAISO,成田ユアエルム店,35.7588,140.2974,千葉県成田市公津の杜4丁目5番3号成田ユアエルム店3階,shop4,CHIBA_SOTOBOU
DAISO,大網白里店,35.5255,140.3204,千葉県大網白里市みやこ野1-2-8,shop4,CHIBA_SOTOBOU
DAISO,イオンモール成田店,35.7928,140.3168,千葉県成田市ウイング土屋24番地 イオンモール成田店1階,shop4,CHIBA_SOTOBOU
DAISO,市原辰巳台店,35.5142,140.1601,千葉県市原市辰巳台東3-5-6,shop4,CHIBA_SOTOBOU
DAISO,松戸大橋店,35.7686,139.9238,千葉県松戸市大橋403-7 1階・2階,shop4,CHIBA_UCHIBOU
DAISO,ヨークマート花野井店,35.9016,139.9798,千葉県柏市花野井681ヨークマート花野井店,shop4,CHIBA_UCHIBOU
DAISO,千葉若葉店,35.6322,140.1287,千葉県千葉市若葉区東寺山町777番54,shop4,CHIBA_UCHIBOU
DAISO,鎌ヶ谷道野辺店,35.7483,140.0075,千葉県鎌ケ谷市東道野辺5-11-38 2階,shop4,CHIBA_UCHIBOU
DAISO,千葉おゆみ野店,35.5539,140.1664,千葉県千葉市緑区おゆみ野中央3-23-1,shop4,CHIBA_SOTOBOU
DAISO,木更津太田店,35.3781,139.94,千葉県木更津市太田4-1-33,shop4,CHIBA_UCHIBOU
DAISO,市原青柳店,35.495,140.0894,千葉県市原市青柳北2-5-6,shop4,CHIBA_UCHIBOU
DAISO,あすみが丘ブランニューモール店,35.524,140.2748,千葉県千葉市緑区おゆみ野中央あすみが丘7-1あすみが丘ブランニューモール2階,shop4,CHIBA_SOTOBOU
DAISO,ミスターマックス新習志野店,35.6669,140.0125,千葉県習志野市茜浜2-2-1ミスターマックス新習志野内2階,shop4,CHIBA_UCHIBOU
DAISO,市原せんどう国分寺店,35.4965,140.1256,千葉県市原市国分寺台中央6-10-1スーパーせんどう国分寺店,shop4,CHIBA_UCHIBOU
DAISO,西白井店,35.7925,140.0347,千葉県白井市根字木戸前1029-3,shop4,CHIBA_UCHIBOU
DAISO,富里7Aスクエア店,35.7428,140.3248,千葉県富里市七栄字東二本榎448-1,shop4,CHIBA_SOTOBOU
DAISO,ギガ船橋店,35.7011,139.9855,千葉県船橋市本町1-6-3ギガ船橋店6階,shop4,CHIBA_UCHIBOU
DAISO,津田沼ビート店,35.6917,140.021,千葉県船橋市前原西2-19-1 津田沼ビート 4階,shop4,CHIBA_UCHIBOU
DAISO,サンベルクス市川鬼高店,35.7111,139.9388,千葉県市川市鬼高3-32-12 2階,shop4,CHIBA_UCHIBOU
DAISO,マルエツ矢切駅前店,35.7569,139.8997,千葉県松戸市栗山19-1,shop4,CHIBA_UCHIBOU
DAISO,千葉駅西口店,35.6141,140.1118,千葉県千葉市中央区新千葉2-2-1,shop4,CHIBA_UCHIBOU
DAISO,イオンタウン成田富里店,35.7766,140.3228,千葉県成田市東町133番地イオンタウン成田富里店2階201-1,shop4,CHIBA_SOTOBOU
DAISO,セブンパークアリオ柏店,35.8344,140.0135,千葉県柏市大島田1丁目6-1セブンパークアリオ柏2階,shop4,CHIBA_UCHIBOU
DAISO,ゆめまち習志野台モール店,35.7262,140.0638,千葉県船橋市習志野台8丁目58番1号ゆめまち習志野台モール2階,shop4,CHIBA_UCHIBOU
DAISO,イオンタウンユーカリが丘店,35.7212,140.1517,千葉県佐倉市西ユーカリが丘6-12-3イオンタウンユーカリが丘東街区1階E112,shop4,CHIBA_SOTOBOU
DAISO,イオンモール幕張新都心店,35.6541,140.0305,千葉県千葉市美浜区豊砂1-5 イオンモール幕張新都心エキマエモール1階,shop4,CHIBA_UCHIBOU
DAISO,フォルテ蘇我店,35.5849,140.1342,千葉県千葉市中央区南町2丁目5番15号,shop4,CHIBA_UCHIBOU
DAISO,フォルテ富里店,35.7111,140.3444,千葉県富里市御料931-1 1階,shop4,CHIBA_SOTOBOU
DAISO,流山おおたかの森店,35.869,139.9272,千葉県流山市おおたかの森南三丁目8番地,shop4,CHIBA_UCHIBOU
DAISO,ピアシティ横芝光店,35.6617,140.4851,千葉県山武郡横芝光町横芝2122ピアシティ横芝光内,shop4,CHIBA_SOTOBOU
DAISO,ヨークマート東道野辺店,35.7483,140.0125,千葉県鎌ケ谷市東道野辺5丁目16-38ヨークマート東道野辺店2階,shop4,CHIBA_UCHIBOU
DAISO,イオンタウン君津店,35.3333,139.9022,千葉県君津市中野5丁目17-1,shop4,CHIBA_UCHIBOU
DAISO,ベスタ松戸秋山2号館店,35.7645,139.9304,千葉県松戸市秋山1丁目2番27ベスタ松戸秋山2号館,shop4,CHIBA_UCHIBOU
DAISO,柏西原店,35.9015,139.9453,千葉県柏市西原7-8-12 2階,shop4,CHIBA_UCHIBOU
DAISO,スカイプラザ柏店,35.8631,139.9715,千葉県柏市柏1-1-20スカイプラザ柏地下1階,shop4,CHIBA_UCHIBOU
DAISO,ヤオコー作草部店,35.6267,140.1136,千葉県千葉市稲毛区作草部町592-2 2階,shop4,CHIBA_UCHIBOU
DAISO,松戸小金原店,35.8197,139.9472,千葉県松戸市小金原6丁目5-1 2階,shop4,CHIBA_UCHIBOU
DAISO,ヨークプライス野田店,35.9458,139.8732,千葉県野田市野田721番地1ヨークプライス野田店内,shop4,CHIBA_UCHIBOU
DAISO,アクロスプラザ流山店,35.8456,139.9456,千葉県流山市向小金1丁目241-1アクロスプラザ流山店2階,shop4,CHIBA_UCHIBOU
DAISO,ニューコースト新浦安店,35.6406,139.9261,千葉県浦安市明海4-1-1 ニューコースト新浦安3階,shop4,CHIBA_UCHIBOU
DAISO,イトーヨーカドー船橋店,35.7028,139.9856,千葉県船橋市本町7-6-1 イトーヨーカドー船橋 東館5階,shop4,CHIBA_UCHIBOU
DAISO,MEGAドン・キホーテ八千代16号バイパス店,35.7337,140.1247,千葉県八千代市村上1245 MEGAドン・キホーテ八千代16号バイパス3階,shop4,CHIBA_UCHIBOU
DAISO,イオンスタイル幕張ベイパーク店,35.6471,140.0461,千葉県千葉市美浜区若葉3丁目2-22-1 幕張ベイパーク ヴィレッジⅦ2階,shop4,CHIBA_UCHIBOU
DAISO,ららテラスTOKYO-BAY店,35.6865,140.0006,千葉県船橋市若松2-2-1 1階11100,shop4,CHIBA_UCHIBOU
DAISO,マルエツ蘇我南店,35.5823,140.1362,千葉県千葉市中央区南町3-16-26 マルエツ蘇我南2階,shop4,CHIBA_UCHIBOU
DAISO,くすりの福太郎千葉ニュータウン店,35.8049,140.1118,千葉県印西市中央北1-1,shop4,CHIBA_UCHIBOU
DAISO,行徳駅前店,35.6828,139.9142,千葉県市川市行徳駅前1-22-8,shop4,CHIBA_UCHIBOU
DAISO,リブレ京成千葉寺店,35.5947,140.1351,千葉県千葉市中央区千葉寺町971-7 リブレ京成千葉寺2階,shop4,CHIBA_UCHIBOU
DAISO,カスミ東郷店,35.4326,140.3168,千葉県茂原市谷本2122 カスミ東郷店1階,shop4,CHIBA_SOTOBOU
DAISO,カスミ成東店,35.6053,140.4079,千葉県山武市成東486-1 カスミ成東1階,shop4,CHIBA_SOTOBOU
DAISO,島忠ホームズ蘇我店,35.5794,140.1215,千葉県千葉市中央区川崎町55-3 島忠ホームズ蘇我店内1階,shop4,CHIBA_UCHIBOU
DAISO,大宮台店,35.6006,140.1837,千葉県千葉市若葉区大宮台7-3208-6,shop4,CHIBA_SOTOBOU
DAISO,そよら成田ニュータウン店,35.7797,140.2917,千葉県成田市赤坂2-1-10 そよら成田ニュータウン3階,shop4,CHIBA_SOTOBOU
DAISO,テラスモール松戸店,35.8154,139.9324,千葉県松戸市八ヶ崎2-8-1テラスモール松戸3階,shop4,CHIBA_UCHIBOU
DAISO,イオン北小金店,35.8331,139.9314,千葉県松戸市小金1 イオン北小金4階,shop4,CHIBA_UCHIBOU
DAISO,五香駅西口ビル店,35.7967,139.9669,千葉県松戸市常盤平5-19-1 3階,shop4,CHIBA_UCHIBOU
DAISO,やまや野田みずき店,35.9189,139.8828,千葉県野田市みずき1丁目15-5,shop4,CHIBA_UCHIBOU
DAISO,やまや松戸栄町店,35.7978,139.9075,千葉県松戸市栄町西4丁目1193,shop4,CHIBA_UCHIBOU
DAISO,やまや豊四季店,35.8653,139.9482,千葉県柏市豊四季285番地,shop4,CHIBA_UCHIBOU
DAISO,やまや青葉の森公園店,35.5936,140.1468,千葉県千葉市中央区青葉町1265-3,shop4,CHIBA_UCHIBOU
DAISO,パズ新柏店,35.845,139.9814,千葉県柏市名戸ヶ谷888-1 2階,shop4,CHIBA_UCHIBOU
DAISO,我孫子天王台店,35.8719,140.0406,千葉県我孫子市天王台1-24-18,shop4,CHIBA_UCHIBOU
DAISO,くすりの福太郎夏見台2丁目店,35.7225,139.9875,千葉県船橋市夏見台2丁目2-60,shop4,CHIBA_UCHIBOU
DAISO,コーナン南流山店,35.8358,139.8974,千葉県流山市南流山9-16-1,shop4,CHIBA_UCHIBOU
DAISO,コーナン京葉船橋インター店,35.7117,139.9725,千葉県船橋市海神町3-124-3,shop4,CHIBA_UCHIBOU
DAISO,イオンモール柏店,35.8488,139.9575,千葉県柏市豊町2-5-25 イオンモール柏店3階,shop4,CHIBA_UCHIBOU
DAISO,ライフガーデン佐倉店,35.7197,140.2105,千葉県佐倉市寺崎北5-1-1,shop4,CHIBA_SOTOBOU
DAISO,セイムス都町店,35.6025,140.1472,千葉県千葉市中央区都町5-8-60 セイムス都町店内,shop4,CHIBA_UCHIBOU
DAISO,八日市場店,35.7028,140.5486,千葉県匝瑳市八日市場ハ805-10,shop4,CHIBA_CHOUSHI
DAISO,ミスターマックス千葉美浜店,35.6267,140.0805,千葉県千葉市美浜区新港32-11,shop4,CHIBA_UCHIBOU
DAISO,セイムス大網店,35.5186,140.3205,千葉県大網白里市経田137-1 セイムス大網店内,shop4,CHIBA_SOTOBOU
DAISO,津田沼駅南口店,35.6908,140.0205,千葉県習志野市津田沼1-1-1 JR東日本ホテルメッツ津田沼4階・5階,shop4,CHIBA_UCHIBOU
DAISO,ソコラ南行徳店,35.6689,139.9006,千葉県市川市南行徳2-20-25 ソコラ南行徳2階,shop4,CHIBA_UCHIBOU
DAISO,千葉中央ショッピングセンター ミーオ1店,35.6083,140.1169,千葉県千葉市中央区本千葉町15-1 2階,shop4,CHIBA_UCHIBOU
DAISO,銚子本城店,35.7317,140.8206,千葉県銚子市本城町4-457,shop4,CHIBA_CHOUSHI
DAISO,千葉都町店,35.6042,140.1417,千葉県千葉市中央区都町三丁目15番4号,shop4,CHIBA_UCHIBOU
DAISO,くすりの福太郎白井店,35.7909,140.0537,千葉県白井市根143-5,shop4,CHIBA_UCHIBOU
DAISO,東金田間店,35.5674,140.3734,千葉県東金市田間1280-1,shop4,CHIBA_SOTOBOU
DAISO,ちば若松町店,35.6393,140.1656,千葉県千葉市若葉区若松町934-1,shop4,CHIBA_SOTOBOU
DAISO,茂原マーケットプレイス店,35.4418,140.2934,千葉県茂原市茂原字堰下1189番,shop4,CHIBA_SOTOBOU
DAISO,大網店,35.5222,140.3117,千葉県大網白里市大網81-1,shop4,CHIBA_SOTOBOU
DAISO,野田パルノア店,35.9389,139.8893,千葉県野田市中根新田字鹿島原57-1,shop4,CHIBA_UCHIBOU
DAISO,上総一ノ宮店,35.3725,140.3653,千葉県長生郡一宮町一宮2676-2,shop4,CHIBA_SOTOBOU
DAISO,キュア・ラ南柏店,35.8447,139.9536,千葉県柏市南柏中央3-2キュア・ラ2階,shop4,CHIBA_UCHIBOU
DAISO,イオンタウン東習志野店,35.6994,140.0684,千葉県習志野市東習志野6-7-8 イオンタウン東習志野店内,shop4,CHIBA_UCHIBOU
DAISO,フルルガーデン八千代店,35.7314,140.1205,千葉県八千代市村上南1-3-1 イトーヨーカドー八千代店3階,shop4,CHIBA_UCHIBOU
DAISO,マルエツ稲毛店,35.6373,140.0933,千葉県千葉市稲毛区小仲台7-2-1マルエツ稲毛店3階,shop4,CHIBA_UCHIBOU
DAISO,イオン長浦店,35.4491,140.0076,千葉県袖ケ浦市長浦駅前1-7イオン長浦店2階,shop4,CHIBA_UCHIBOU
DAISO,MEGAドン・キホーテ本八幡店,35.7198,139.9272,千葉県市川市南八幡4-9-1MEGAドン・キホーテ本八幡店4階,shop4,CHIBA_UCHIBOU
DAISO,ミスターマックスおゆみ野店,35.5562,140.1631,千葉県千葉市緑区おゆみ野中央2-3ミスターマックスおゆみ野店B-1棟,shop4,CHIBA_SOTOBOU
DAISO,君津駅前店,35.3346,139.8943,千葉県君津市東坂田4-10-30,shop4,CHIBA_UCHIBOU
DAISO,フレスポ稲毛店,35.6582,140.1215,千葉県千葉市稲毛区長沼原町731-17,shop4,CHIBA_UCHIBOU
DAISO,カインズ千葉ニュータウン店,35.8037,140.1384,千葉県印西市泉野1-144-6 カインズ千葉ニュータウン店内,shop4,CHIBA_UCHIBOU
DAISO,イオン市川妙典店,35.6917,139.9248,千葉県市川市妙典4-4-1 イオン市川妙典3番街1階,shop4,CHIBA_UCHIBOU
DAISO,館山マーケットプレイス店,34.9996,139.8584,千葉県館山市湊188-1,shop4,CHIBA_MINAMI
DAISO,せんどう東金プラザ店,35.5458,140.3887,千葉県東金市家徳280-1,shop4,CHIBA_SOTOBOU
DAISO,小見川アピオ店,35.8504,140.6019,千葉県香取市分郷218,shop4,CHIBA_CHOUSHI
DAISO,八街松島店,35.6517,140.3342,千葉県八街市八街字松島ほ955-1,shop4,CHIBA_SOTOBOU
DAISO,マリンピア専門館店,35.6367,140.0489,千葉県千葉市美浜区高洲3-21-1 マリンピア専門館3階,shop4,CHIBA_UCHIBOU
DAISO,イオンタウン野田七光台店,35.9818,139.8732,千葉県野田市七光台4-2 イオンタウン野田七光台店内,shop4,CHIBA_UCHIBOU
DAISO,四街道M2プラザ店,35.6714,140.1517,千葉県四街道市大日429-2四街道M2プラザ3階,shop4,CHIBA_SOTOBOU
DAISO,牧の原モア店,35.8058,140.1651,千葉県印西市牧の原1-3,shop4,CHIBA_SOTOBOU
DAISO,マミーマート仁戸名店,35.5786,140.1587,千葉県千葉市中央区仁戸名町720-34,shop4,CHIBA_SOTOBOU
DAISO,マルエツ二和向台店,35.7483,140.0215,千葉県船橋市咲ヶ丘3-1-22マルエツ二和向台店2階,shop4,CHIBA_UCHIBOU
DAISO,メガセンタートライアル八千代店,35.7289,140.0818,千葉県八千代市緑が丘西2-13-3 メガセンタートライアル八千代店2階,shop4,CHIBA_UCHIBOU
DAISO,ウニクス成田店,35.7717,140.2831,千葉県成田市はなのき台2丁目25-1,shop4,CHIBA_SOTOBOU
DAISO,マルエツ北柏店,35.8887,139.9863,千葉県柏市松葉町4-5マルエツ北柏店2階,shop4,CHIBA_UCHIBOU
DAISO,アクロス新鎌ヶ谷店,35.7772,140.0001,千葉県鎌ケ谷市新鎌ケ谷二丁目12番1号2階,shop4,CHIBA_UCHIBOU
DAISO,イオン鴨川店,35.1118,140.1032,千葉県鴨川市横渚973-1イオン鴨川店3階,shop4,CHIBA_MINAMI
DAISO,カスミ東金押堀店,35.5562,140.3584,千葉県東金市押堀33番地,shop4,CHIBA_SOTOBOU
DAISO,プラッツ五香店,35.7925,139.9721,千葉県松戸市五香8-44-6プラッツ五香店2階,shop4,CHIBA_UCHIBOU
DAISO,生鮮市場TOP船橋日大前店,35.7302,140.0543,千葉県船橋市坪井東3-6-1 生鮮市場TOP船橋日大前店1階,shop4,CHIBA_UCHIBOU
DAISO,イオンタウン館山店,35.0065,139.8517,千葉県館山市八幡545-1イオンタウン館山店内,shop4,CHIBA_MINAMI
DAISO,ユニモちはら台店,35.5262,140.1748,千葉県市原市ちはら台西3丁目4番2059 ユニモちはら台 2階,shop4,CHIBA_SOTOBOU
DAISO,ラコマート北松戸店,35.7997,139.9123,千葉県松戸市北松戸2-6-1 ラコマート北松戸店2階,shop4,CHIBA_UCHIBOU
DAISO,イオンモール千葉NT店,35.8028,140.1118,千葉県印西市中央北2-2イオンモール千葉NTエンジョイライフ棟2階,shop4,CHIBA_UCHIBOU
DAISO,マルエツ行徳店,35.6828,139.9168,千葉県市川市行徳駅前2-11-2マルエツ行徳店2階,shop4,CHIBA_UCHIBOU
DAISO,セブンタウン常盤平店,35.7992,139.9515,千葉県松戸市常盤平3-10-1セブンタウン常盤平2階,shop4,CHIBA_UCHIBOU
DAISO,PIACITY yachimata asahi店,35.6797,140.3168,千葉県八街市八街に252-6PIACITY yachimata asahi内,shop4,CHIBA_SOTOBOU
DAISO,マミーマート柏若葉町店,35.8558,139.9798,千葉県柏市若葉町3-41マミーマート柏若葉町店内,shop4,CHIBA_UCHIBOU
DAISO,マルエツ初石店,35.8837,139.9163,千葉県流山市東初石3-94-1マルエツ初石店2階,shop4,CHIBA_UCHIBOU
DAISO,グローボ蘇我店,35.5802,140.1235,千葉県千葉市中央区川崎町1-34グローボ蘇我店1階,shop4,CHIBA_UCHIBOU
DAISO,京成臼井駅ビルViM店,35.7302,140.1872,千葉県佐倉市王子台3-30-4京成臼井駅ビルViM2階,shop4,CHIBA_SOTOBOU
DAISO,ららぽーと柏の葉店,35.8943,139.9526,千葉県柏市若柴175ららぽーと柏の葉1階,shop4,CHIBA_UCHIBOU
DAISO,コープ千葉東寺山店,35.6322,140.1287,千葉県千葉市若葉区東寺山町422-1コープ千葉東寺山店 2階,shop4,CHIBA_UCHIBOU
DAISO,新松戸5丁目店,35.8237,139.9118,千葉県松戸市新松戸5-134 2階,shop4,CHIBA_UCHIBOU
DAISO,イオンタウン木更津店,35.3582,139.9416,千葉県木更津市請西南2-27-1イオンタウン木更津店内,shop4,CHIBA_UCHIBOU
DAISO,イオンモール銚子店,35.7196,140.7968,千葉県銚子市三崎町2-2660-1 イオンモール銚子店2階,shop4,CHIBA_CHOUSHI
DAISO,ユアエルム八千代台店,35.7001,140.0898,千葉県八千代市八千代台東1-1-10ユアエルム八千代台店3階,shop4,CHIBA_UCHIBOU
DAISO,我孫子手賀沼公園店,35.8643,140.0163,千葉県我孫子市緑1-9-25 2階,shop4,CHIBA_UCHIBOU
DAISO,ザ・マーケットプレイス佐倉店,35.7162,140.1837,千葉県佐倉市染井野4-7-1,shop4,CHIBA_SOTOBOU
DAISO,サワラシティ店,35.8942,140.4952,千葉県香取市佐原ホ1236-1ショッピングモールサワラシティ2階,shop4,CHIBA_SOTOBOU
DAISO,松戸六高台店,35.7892,139.9897,千葉県松戸市六高台7-73,shop4,CHIBA_UCHIBOU
DAISO,TAIRAYA湖北店,35.8778,140.0763,千葉県我孫子市中里字庚申前335-1 TAIRAYA湖北店2階,shop4,CHIBA_UCHIBOU
DAISO,アルカード茂原店,35.4326,140.3015,千葉県茂原市町保1アルカード茂原内,shop4,CHIBA_SOTOBOU
DAISO,下総中山店,35.7137,139.9431,千葉県船橋市本中山2丁目390番1下総中山駅高架下,shop4,CHIBA_UCHIBOU
DAISO,ミレニティ中山店,35.7142,139.9423,千葉県船橋市本中山2丁目10-1ミレニティ中山店内,shop4,CHIBA_UCHIBOU
DAISO,ダイエー市川店,35.7289,139.9082,千葉県市川市市川1-4-10ダイエー市川店7階,shop4,CHIBA_UCHIBOU
DAISO,ベルクスステーションモール七光台店,35.9797,139.8732,千葉県野田市光葉町1-6ベルクスステーションモール七光台2階,shop4,CHIBA_UCHIBOU
DAISO,奏の杜フォルテ津田沼店,35.6843,140.0215,千葉県習志野市奏の杜2-1-1,shop4,CHIBA_UCHIBOU
DAISO,ピアザ松戸店,35.7847,139.9001,千葉県松戸市松戸1230-1ピアザ松戸店4階,shop4,CHIBA_UCHIBOU
DAISO,アリオ市原店,35.5186,140.1169,千葉県市原市更級4丁目3番2アリオ市原店内 2階,shop4,CHIBA_UCHIBOU
DAISO,ピアシティ柏中新宿店,35.8422,139.9723,千葉県柏市中新宿3丁目11-1ピアシティ柏中新宿店 2階,shop4,CHIBA_UCHIBOU
DAISO,ショッピングプラザ鎌ヶ谷店,35.7762,139.9975,千葉県鎌ケ谷市富岡1丁目1番3号 ショッピングプラザ鎌ヶ谷店2階,shop4,CHIBA_UCHIBOU
DAISO,ららぽーとTOKYO-BAY西館店,35.6853,139.9912,千葉県船橋市浜町2-1-1ららぽーとTOKYO-BAY西館 2階,shop4,CHIBA_UCHIBOU
DAISO,ミサキショッピングガーデン店,35.3182,140.3846,千葉県いすみ市岬町大字江場土字関内1857番地,shop4,CHIBA_SOTOBOU
DAISO,ライフガーデン茂原店,35.4302,140.3168,千葉県茂原市六ツ野八貫野2785-1,shop4,CHIBA_SOTOBOU
DAISO,マミーマート松戸新田店,35.7758,139.9163,千葉県松戸市松戸新田30-1,shop4,CHIBA_UCHIBOU
DAISO,浦安駅前店,35.6663,139.8972,千葉県浦安市北栄1-16-5 サカゼン浦安 2階,shop4,CHIBA_UCHIBOU
DAISO,フォルテ我孫子店,35.8767,139.9943,千葉県我孫子市つくし野4-1-2,shop4,CHIBA_UCHIBOU
DAISO,くすりの福太郎鎌ヶ谷店,35.7628,140.0005,千葉県鎌ケ谷市道野辺本町2-10-25,shop4,CHIBA_UCHIBOU
DAISO,そよらリーフシティ市川店,35.7262,139.9075,千葉県市川市市川南2-8-1 そよらリーフシティ市川店2階,shop4,CHIBA_UCHIBOU
DAISO,イオンモール津田沼South店,35.6903,140.0218,千葉県習志野市津田沼1-10-30 イオンモール津田沼South5階,shop4,CHIBA_UCHIBOU
DAISO,スーパーセンタートライアル酒々井店,35.7337,140.2743,千葉県印旛郡酒々井町本佐倉457-2 スーパーセンタートライアル酒々井店2階,shop4,CHIBA_SOTOBOU
DAISO,ローソンストア100習志野台店,35.7202,140.0435,千葉県船橋市習志野台2-73-7,shop4,CHIBA_UCHIBOU
DAISO,くすりの福太郎芝山店,35.7214,140.0163,千葉県船橋市芝山2-1-1,shop4,CHIBA_UCHIBOU
DAISO,くすりの福太郎野田山崎店,35.9182,139.8972,千葉県野田市山崎2196,shop4,CHIBA_UCHIBOU
キャスティング,イオンモール木更津店,35.367015,139.907954,千葉県木更津市築地1-4,shop2,CHIBA_UCHIBOU
キャスティング,市川東店,35.733527,139.936653,千葉県市川市東菅野5-13-27,shop2,CHIBA_UCHIBOU
キャスティング,南柏店,35.842774,139.957585,千葉県流山市松ヶ丘3-305-8,shop2,CHIBA_UCHIBOU
キャスティング,柏店,35.856942,139.946342,千葉県柏市豊四季114-1,shop2,CHIBA_UCHIBOU
キャスティング,成田富里店,35.742111,140.334012,千葉県富里市七栄1005-1,shop2,CHIBA_SOTOBOU
キャスティング,南行徳店,35.672111,139.901012,千葉県市川市南行徳1丁目22-23,shop2,CHIBA_UCHIBOU
キャスティング,千葉稲毛海岸店,35.630111,140.076012,千葉県千葉市美浜区稲毛海岸3-1-37,shop2,CHIBA_UCHIBOU
キャスティング,市原16号店,35.539111,140.096012,千葉県市原市八幡海岸通1963-3,shop2,CHIBA_UCHIBOU
キャスティング,茂原店,35.449111,140.301012,千葉県茂原市小林2605-1,shop2,CHIBA_SOTOBOU
セリア,せんどう千葉みなと店,35.603314,140.101732,千葉県千葉市中央区中央港2-4-2,shop4,CHIBA_UCHIBOU
セリア,かわまち矢作モール店,35.597984,140.144866,千葉県千葉市中央区矢作町57-1かわまち矢作モール内,shop4,CHIBA_UCHIBOU
セリア,ライフガーデン仁戸名店,35.580797,140.160105,千葉県千葉市中央区仁戸名町698-11ライフガーデン仁戸名内,shop4,CHIBA_SOTOBOU
セリア,ベイフロント蘇我店,35.581561,140.124505,千葉県千葉市中央区川崎町57-5ベイフロント蘇我内,shop4,CHIBA_UCHIBOU
セリア,西友西千葉店,35.62319,140.103099,千葉県千葉市中央区春日2-20-9西友西千葉店 3F,shop4,CHIBA_UCHIBOU
セリア,そごう千葉店,35.611795,140.114757,千葉県千葉市中央区新町1000そごう千葉店 B1F,shop4,CHIBA_UCHIBOU
セリア,アリオ蘇我店,35.58385,140.124119,千葉県千葉市中央区川崎町52-7アリオ蘇我 2F,shop4,CHIBA_UCHIBOU
セリア,ビックカメラ千葉駅前店,35.612845,140.117462,千葉県千葉市中央区富士見2-1-1マインズ千葉A館 7F,shop4,CHIBA_UCHIBOU
セリア,西友千葉中央店,35.608821,140.121855,千葉県千葉市中央区中央2-3-3西友千葉中央店 2F,shop4,CHIBA_UCHIBOU
セリア,西友新検見川店,35.651717,140.071988,千葉県千葉市花見川区南花園2-6-1西友新検見川店 5F,shop4,CHIBA_UCHIBOU
セリア,花見川作新台店,35.681121,140.081512,千葉県千葉市花見川区作新台4-4-2光ビル 2F,shop4,CHIBA_UCHIBOU
セリア,せんどう長沼店,35.659103,140.116668,千葉県千葉市稲毛区長沼町288-183せんどう長沼店 2F,shop4,CHIBA_UCHIBOU
セリア,Skip天台店,35.63319,140.115712,千葉県千葉市稲毛区天台1-4-12Skip天台 2F,shop4,CHIBA_UCHIBOU
セリア,イオン稲毛店,35.636611,140.092497,千葉県千葉市稲毛区小仲台1-4-20イオン稲毛店 1F,shop4,CHIBA_UCHIBOU
セリア,西友都賀店,35.636186,140.148419,千葉県千葉市若葉区西都賀2-2-2西友都賀店 3F,shop4,CHIBA_UCHIBOU
セリア,イコアス千城台店,35.623405,140.188448,千葉県千葉市若葉区千城台北3-21-1イコアス千城台店 3F,shop4,CHIBA_SOTOBOU
セリア,千葉桜木店,35.621376,140.160417,千葉県千葉市若葉区桜木5-2-8,shop4,CHIBA_SOTOBOU
セリア,ベイシアちば古市場店,35.54148,140.155799,千葉県千葉市緑区古市場町906-29ベイシアちば古市場店 1F,shop4,CHIBA_SOTOBOU
セリア,ピアシティ稲毛海岸店,35.631561,140.073405,千葉県千葉市美浜区真砂1-2-7ピアシティ稲毛海岸 A棟,shop4,CHIBA_UCHIBOU
セリア,イオンスタイル検見川浜店,35.638069,140.061005,千葉県千葉市美浜区真砂4-2-6イオンスタイル検見川浜 B1F,shop4,CHIBA_UCHIBOU
セリア,イオン海浜幕張店,35.646543,140.045056,千葉県千葉市美浜区ひび野1-3イオン海浜幕張店 2F,shop4,CHIBA_UCHIBOU
セリア,プレナ幕張店,35.647573,140.041697,千葉県千葉市美浜区ひび野2-4プレナ幕張 2F,shop4,CHIBA_UCHIBOU
セリア,カインズ銚子店,35.733561,140.781405,千葉県銚子市芦崎町810カインズ銚子店 1F,shop4,CHIBA_CHOUSHI
セリア,妙典店,35.691761,139.923405,千葉県市川市妙典5-2-20,shop4,CHIBA_UCHIBOU
セリア,西友行徳店,35.683061,139.914005,千葉県市川市行徳駅前1-19-1西友行徳店 4F,shop4,CHIBA_UCHIBOU
セリア,ニッケコルトンプラザ店,35.711561,139.932405,千葉県市川市鬼高1-1-1ニッケコルトンプラザ イーストモール 2F,shop4,CHIBA_UCHIBOU
セリア,市川駅前店,35.729061,139.907005,千葉県市川市市川1-7-6愛愛ビル B1F,shop4,CHIBA_UCHIBOU
セリア,高根公団駅ビル店,35.730561,140.030405,千葉県船橋市高根台1-6-2高根公団駅ビル 3F,shop4,CHIBA_UCHIBOU
セリア,ららぽーとTOKYO-BAY店,35.685561,139.991405,千葉県船橋市浜町2-2-7三井ショッピングパーク ららぽーとTOKYO-BAY North Gate 2F,shop4,CHIBA_UCHIBOU
セリア,イオンモール船橋店,35.711061,139.972005,千葉県船橋市山手1-1-8イオンモール船橋 3F,shop4,CHIBA_UCHIBOU
セリア,西友新北習志野店,35.726561,140.040405,千葉県船橋市習志野台1-35-1西友新北習志野店 2F,shop4,CHIBA_UCHIBOU
セリア,コジマXビックカメラ習志野店,35.698061,140.049405,千葉県船橋市習志野4-5-5コジマXビックカメラ習志野店 2F,shop4,CHIBA_UCHIBOU
セリア,アピタ木更津店,35.378561,139.957405,千葉県木更津市ほたる野4-2-48アピタ木更津店 1F,shop4,CHIBA_UCHIBOU
セリア,イオンモール木更津店,35.362561,139.916405,千葉県木更津市築地1-4イオンモール木更津 2F,shop4,CHIBA_UCHIBOU
セリア,ベイシア木更津金田店,35.437561,139.943405,千葉県木更津市金田東5-2-1ベイシア木更津金田店 1F,shop4,CHIBA_UCHIBOU
セリア,岩根店,35.408561,139.933405,千葉県木更津市高砂2-2953-1,shop4,CHIBA_UCHIBOU
セリア,北小金店,35.832561,139.931405,千葉県松戸市小金40-1コモディイイダ北小金店 2F,shop4,CHIBA_UCHIBOU
セリア,八柱駅ビル店,35.793561,139.938405,千葉県松戸市日暮1-1-1八柱駅第2ビル 1F A号室,shop4,CHIBA_UCHIBOU
セリア,西友常盤平店,35.803561,139.951405,千葉県松戸市常盤平3-11-1西友常盤平店 3F,shop4,CHIBA_UCHIBOU
セリア,キテミテマツド店,35.784561,139.900405,千葉県松戸市松戸1307-1キテミテマツド 5F,shop4,CHIBA_UCHIBOU
セリア,ヤオコー松戸上本郷店,35.795561,139.914405,千葉県松戸市上本郷4005-1,shop4,CHIBA_UCHIBOU
セリア,ウニクス野田店,35.961561,139.852405,千葉県野田市つつみ野1-1-2ウニクス野田内,shop4,CHIBA_UCHIBOU
セリア,野田みずきショッピングセンター店,35.922561,139.897405,千葉県野田市みずき2-12野田みずきショッピングセンター内,shop4,CHIBA_UCHIBOU
セリア,TAIRAYA宝珠花店,36.012561,139.849405,千葉県野田市東宝珠花126-1TAIRAYA宝珠花店 2F,shop4,CHIBA_UCHIBOU
セリア,ベイシア野田さくらの里店,35.972561,139.852405,千葉県野田市桜の里2-1ベイシア野田さくらの里店 1F,shop4,CHIBA_UCHIBOU
セリア,茂原店,35.415561,140.294405,千葉県茂原市内長谷425-5,shop4,CHIBA_SOTOBOU
セリア,ビッグハウス茂原店,35.425561,140.324405,千葉県茂原市東茂原16-3,shop4,CHIBA_SOTOBOU
セリア,ベイシア茂原店,35.448561,140.301405,千葉県茂原市腰当7ベイシア茂原店 1F,shop4,CHIBA_SOTOBOU
セリア,ユーカリプラザ店,35.722561,140.153405,千葉県佐倉市ユーカリが丘4-1-4ユーカリプラザ 4F,shop4,CHIBA_SOTOBOU
セリア,イオン臼井店,35.719561,140.177405,千葉県佐倉市王子台1-23イオン臼井店 2F,shop4,CHIBA_SOTOBOU
セリア,ベイシア佐倉店,35.708561,140.211405,千葉県佐倉市寺崎北6-1-1ベイシア佐倉店 1F,shop4,CHIBA_SOTOBOU
セリア,ベイシア東金店,35.568561,140.364405,千葉県東金市道庭字三斗蒔495-2ベイシア東金店 1F,shop4,CHIBA_SOTOBOU
セリア,カインズスーパーセンター旭飯岡店,35.713561,140.627405,千葉県旭市三川字犬林セの4334-1カインズスーパーセンター旭飯岡店 1F,shop4,CHIBA_CHOUSHI
セリア,イオンモール津田沼North店,35.691561,140.021405,千葉県習志野市津田沼1-23-1イオンモール津田沼North 3F,shop4,CHIBA_UCHIBOU
セリア,島忠ホームズ幕張店,35.662561,140.026405,千葉県習志野市芝園1-4-1島忠ホームズ幕張店 1F,shop4,CHIBA_UCHIBOU
セリア,モラージュ柏店,35.882561,139.972405,千葉県柏市大山台2-3-1モラージュ柏店 Part.2,shop4,CHIBA_UCHIBOU
セリア,ヤオコー柏高柳駅前店,35.807561,140.001405,千葉県柏市高柳1-6-6ヤオコー柏高柳駅前店 3F,shop4,CHIBA_UCHIBOU
セリア,柏の葉公園店,35.892561,139.938405,千葉県柏市柏の葉5-5-6,shop4,CHIBA_UCHIBOU
セリア,柏モディ店,35.862561,139.971405,千葉県柏市柏1-2-26柏モディ 6F,shop4,CHIBA_UCHIBOU
セリア,アクロスプラザ北柏店,35.876561,139.988405,千葉県柏市北柏駅北口土地区画整理事業地区内28街区1アクロスプラザ北柏内,shop4,CHIBA_UCHIBOU
セリア,ベイシア勝浦店,35.158561,140.316405,千葉県勝浦市新官字長畑1392ベイシア勝浦店 1F,shop4,CHIBA_MINAMI
セリア,アクロスプラザ市原更級店,35.513561,140.116405,千葉県市原市更級4-2-1アクロスプラザ市原更級内,shop4,CHIBA_UCHIBOU
セリア,ベイシア市原八幡店,35.545561,140.118405,千葉県市原市八幡字海岸2381-1ベイシア市原八幡店 1F,shop4,CHIBA_UCHIBOU
セリア,もりまちちはら台モール店,35.525561,140.176405,千葉県市原市ちはら台南2-32-2もりまち ちはら台モール内,shop4,CHIBA_SOTOBOU
セリア,市原牛久店,35.405561,140.136405,千葉県市原市牛久1066-1,shop4,CHIBA_UCHIBOU
セリア,江戸川台店,35.900561,139.911405,千葉県流山市江戸川台東2-31カドヤ第1ビル 1F,shop4,CHIBA_UCHIBOU
セリア,ヤオコー南流山店,35.835561,139.904405,千葉県流山市南流山9-16-2ヤオコー南流山店 2F,shop4,CHIBA_UCHIBOU
セリア,流山おおたかの森S・C店,35.871561,139.925405,千葉県流山市おおたかの森西1-13-1流山おおたかの森S・C ANNEX2 4F,shop4,CHIBA_UCHIBOU
セリア,ベルク流山東深井店,35.913561,139.916405,千葉県流山市東深井871-35ベルク流山東深井店 別棟,shop4,CHIBA_UCHIBOU
セリア,リブレ京成勝田台店,35.715561,140.126405,千葉県八千代市勝田台1-10リブレ京成勝田台店 3F,shop4,CHIBA_UCHIBOU
セリア,八千代店,35.725561,140.096405,千葉県八千代市大和田新田410-1コープ八千代店内,shop4,CHIBA_UCHIBOU
セリア,イオンモール八千代緑が丘店,35.728561,140.074405,千葉県八千代市緑が丘2-1-3イオンモール八千代緑が丘 4F,shop4,CHIBA_UCHIBOU
セリア,あびこショッピングプラザ店,35.875561,140.011405,千葉県我孫子市我孫子4-11-1あびこショッピングプラザ 3F,shop4,CHIBA_UCHIBOU
セリア,マルエツ天王台店,35.871561,140.041405,千葉県我孫子市天王台4-15-8マルエツ天王台店 1F,shop4,CHIBA_UCHIBOU
セリア,フードスクエア我孫子寿店,35.865561,140.026405,千葉県我孫子市寿2-25-41フードスクエア我孫子寿店 2F,shop4,CHIBA_UCHIBOU
セリア,布佐店,35.850561,140.133405,千葉県我孫子市布佐2499-1,shop4,CHIBA_UCHIBOU
セリア,ベイシア鴨川店,35.105561,140.101405,千葉県鴨川市貝渚字中川間300ベイシア鴨川店 1F,shop4,CHIBA_MINAMI
セリア,新鎌ヶ谷店,35.776561,139.999405,千葉県鎌ケ谷市新鎌ケ谷3-16-10,shop4,CHIBA_UCHIBOU
セリア,イオン鎌ヶ谷店,35.777561,140.001405,千葉県鎌ケ谷市新鎌ケ谷2-7-1イオン鎌ヶ谷店 2F,shop4,CHIBA_UCHIBOU
セリア,君津店,35.325561,139.918405,千葉県君津市南子安6-8-31,shop4,CHIBA_UCHIBOU
セリア,APITAパワー君津店,35.332561,139.897405,千葉県君津市久保1-1-1APITAパワー君津店 2F,shop4,CHIBA_UCHIBOU
セリア,モナ新浦安店,35.650561,139.912405,千葉県浦安市入船1-5-1モナ新浦安B館 3F,shop4,CHIBA_UCHIBOU
セリア,西友浦安店,35.666561,139.897405,千葉県浦安市北栄1-14-1西友浦安店 4F,shop4,CHIBA_UCHIBOU
セリア,フォルテ新浦安店,35.641561,139.928405,千葉県浦安市日の出5-1-28フォルテ新浦安 2F,shop4,CHIBA_UCHIBOU
セリア,イトーヨーカドー四街道店,35.665561,140.166405,千葉県四街道市中央5イトーヨーカドー四街道店 1F,shop4,CHIBA_SOTOBOU
セリア,もねの里モール店,35.653561,140.188405,千葉県四街道市もねの里6-10-1もねの里モール内,shop4,CHIBA_SOTOBOU
セリア,長浦店,35.445561,139.998405,千葉県袖ケ浦市長浦駅前4-11-2,shop4,CHIBA_UCHIBOU
セリア,八街榎戸店,35.678561,140.301405,千葉県八街市八街ろ166-25,shop4,CHIBA_SOTOBOU
セリア,カインズ八街店,35.658561,140.316405,千葉県八街市八街は21-14カインズ八街店 1F,shop4,CHIBA_SOTOBOU
セリア,フォレストモール印西牧の原店,35.805561,140.161405,千葉県印西市滝野3-1,shop4,CHIBA_SOTOBOU
セリア,ビッグホップガーデンモール印西店,35.803561,140.116405,千葉県印西市原1-2ビッグホップガーデンモール印西 1F,shop4,CHIBA_UCHIBOU
セリア,フォルテ千葉ニュータウン店,35.798561,140.114405,千葉県印西市中央南2-2-1フォルテ千葉ニュータウン店 2F,shop4,CHIBA_UCHIBOU
セリア,白井店,35.766561,140.046405,千葉県白井市冨士57-1,shop4,CHIBA_UCHIBOU
セリア,千葉ニュータウン店,35.801561,140.126405,千葉県白井市桜台1-1-13アクロスプラザ千葉ニュータウン西内,shop4,CHIBA_UCHIBOU
セリア,フォルテ白井店,35.786561,140.061405,千葉県白井市根476-2フォルテ白井内,shop4,CHIBA_UCHIBOU
セリア,ベイシア富里店,35.735561,140.324405,千葉県富里市七栄532ベイシア富里店 1F,shop4,CHIBA_SOTOBOU
セリア,カインズ八日市場店,35.703561,140.551405,千葉県匝瑳市八日市場ロ字横田118カインズスーパーセンター八日市場店 1F,shop4,CHIBA_CHOUSHI
セリア,ランドローム山武店,35.648561,140.421405,千葉県山武市埴谷1873-1,shop4,CHIBA_SOTOBOU
セリア,おおたやスーパーランド店,35.295561,140.321405,千葉県いすみ市弥正147,shop4,CHIBA_SOTOBOU
セリア,ベイシアいすみ大原店,35.265561,140.386405,千葉県いすみ市日在41ベイシアいすみ大原店 1F,shop4,CHIBA_SOTOBOU
セリア,イオン大網白里店,35.525561,140.316405,千葉県大網白里市みやこ野1-1-2イオン大網白里店 2F,shop4,CHIBA_SOTOBOU
セリア,多古店,35.748561,140.476405,千葉県香取郡多古町多古字穂浪1598,shop4,CHIBA_SOTOBOU
セリア,ベイシア成田芝山店,35.713561,140.406405,千葉県山武郡芝山町岩山2299-1ベイシア成田芝山店 1F,shop4,CHIBA_SOTOBOU
セリア,ベイシア長生店,35.455561,140.371405,千葉県長生郡長生村金田3237ベイシア長生店 1F,shop4,CHIBA_SOTOBOU
タックルベリー,BiGBerry 成田409号店,35.760161,140.320491,千葉県成田市並木町219-9,shop2,CHIBA_SOTOBOU
タックルベリー,鎌ヶ谷富岡店,35.772591,140.000676,千葉県鎌ケ谷市富岡1-9-28,shop2,CHIBA_UCHIBOU
タックルベリー,市原店,35.512689,140.096338,千葉県市原市君塚1-22-6,shop2,CHIBA_UCHIBOU
タックルベリー,市川店,35.711814,139.929851,千葉県市川市鬼高3-17-17,shop2,CHIBA_UCHIBOU
タックルベリー,習志野店,35.697424,140.034336,千葉県習志野市藤崎6-15-10,shop2,CHIBA_UCHIBOU
タックルベリー,松戸六号店,35.795111,139.914902,千葉県松戸市南花島3丁目40-11,shop2,CHIBA_UCHIBOU
タックルベリー,千葉蘇我店,35.578619,140.126484,千葉県千葉市中央区川崎町1-23,shop2,CHIBA_UCHIBOU
タックルベリー,千葉東金店,35.553956,140.360155,千葉県東金市南上宿5-38,shop2,CHIBA_SOTOBOU
タックルベリー,稲毛オーツーパーク店,35.651586,140.108605,千葉県千葉市稲毛区園生町380-1,shop2,CHIBA_UCHIBOU
タックルベリー,千葉流山街道店,35.833583,139.897258,千葉県流山市南流山7-1-17,shop2,CHIBA_UCHIBOU
タックルベリー,木更津十六号店,35.385587,139.932909,千葉県木更津市桜町2-7-8,shop2,CHIBA_UCHIBOU
タックルベリー,千葉八千代店,35.711124,140.124564,千葉県八千代市勝田台南2丁目11-28,shop2,CHIBA_UCHIBOU
タックルベリー,我孫子水戸街道店,35.867215,140.007626,千葉県我孫子市並木6-13-12,shop2,CHIBA_UCHIBOU
つり具ランド,館山店,34.999516,139.851722,千葉県館山市八幡623-16,shop2,CHIBA_MINAMI
つり具ランド,市原店,35.513231,140.082728,千葉県市原市五井4771-2,shop2,CHIBA_UCHIBOU
つり具ランド,大原店,35.253041,140.389781,千葉県いすみ市日在1594-1,shop2,CHIBA_SOTOBOU
ブンブン,ミシマ6号北柏店,35.876711,139.988012,千葉県柏市北柏台2-4,shop2,CHIBA_UCHIBOU
ブンブン,柏店,35.819782,140.019513,千葉県柏市風早1-6-7,shop2,CHIBA_UCHIBOU
ポイント,千葉ニュータウン店,35.791,140.058,千葉県白井市桜台1-1-5,shop2,CHIBA_UCHIBOU
ポイント,千葉蘇我店,35.585,140.134,千葉県千葉市中央区川崎町1-34 GLOBO(グローボ)内,shop2,CHIBA_UCHIBOU
ヤックスドラッグ,アタック5 佐原店,35.894082,140.499641,千葉県香取市佐原イ4187-1,shop2,CHIBA_SOTOBOU
ヤックスドラッグ,アタック5 佐原バイパス店,35.893897,140.499789,千葉県香取市佐原イ4196-1,shop2,CHIBA_SOTOBOU
ヤックスドラッグ,アタック5 銚子芦崎店,35.748364,140.817684,千葉県銚子市芦崎町455,shop2,CHIBA_CHOUSHI
ヤックスドラッグ,アタック5 大原店,35.253111,140.375012,千葉県いすみ市若山46-1,shop2,CHIBA_SOTOBOU
ヤックスドラッグ,アタック5 茂原谷本店,35.405111,140.309012,千葉県茂原市谷本1810-1,shop2,CHIBA_SOTOBOU
ヤックスドラッグ,アタック5 波崎店,35.742111,140.796012,茨城県神栖市波崎8555,shop2,CHIBA_CHOUSHI
ヤックスドラッグ,アタック5 鴨川店,35.111111,140.103012,千葉県鴨川市横渚字鎌田105,shop2,CHIBA_MINAMI
ヤックスドラッグ,アタック5 館山バイパス店,35.021111,139.866012,千葉県館山市正木字道免830,shop2,CHIBA_MINAMI
上州屋,鎌ヶ谷店,35.772111,139.999012,千葉県鎌ケ谷市富岡1-4-38,shop2,CHIBA_UCHIBOU
上州屋,松戸店,35.787111,139.905012,千葉県松戸市松戸1307-1,shop2,CHIBA_UCHIBOU
上州屋,船橋店,35.698111,139.986012,千葉県船橋市本町3-10-3,shop2,CHIBA_UCHIBOU
上州屋,我孫子店,35.875111,140.003012,千葉県我孫子市根戸1187,shop2,CHIBA_UCHIBOU
上州屋,市原店,35.541111,140.096012,千葉県市原市八幡海岸通り1967-11,shop2,CHIBA_UCHIBOU
上州屋,木更津店,35.378111,139.941012,千葉県木更津市太田3-11-1,shop2,CHIBA_UCHIBOU
上州屋,新千葉美浜店,35.617111,140.096012,千葉県千葉市美浜区幸町2-24-38,shop2,CHIBA_UCHIBOU
上州屋,東船橋店,35.707111,140.012012,千葉県船橋市駿河台1-33-5,shop2,CHIBA_UCHIBOU
,IGS成田店,35.759296,140.320703,千葉県成田市並木町188,shop0,CHIBA_SOTOBOU
,Maverick Anglers Shop,35.393437,139.952528,千葉県木更津市清見台3-10-18,shop0,CHIBA_UCHIBOU
,あづま屋釣具店,34.908072,139.912613,千葉県南房総市白浜町白浜623-35,shop0,CHIBA_MINAMI
,イレブンつり具センター,35.719602,140.144414,千葉県佐倉市上志津1043-35,shop0,CHIBA_UCHIBOU
,おおみや釣具バイパス店,35.111816,140.103989,千葉県鴨川市横渚195-1,shop0,CHIBA_MINAMI
,オンリーワンフィッシングショップ,35.534241,140.116669,千葉県市原市八幡331-3,shop0,CHIBA_UCHIBOU
,ゴルフランド白井店,35.783416,140.038487,千葉県白井市冨士268-2,shop0,CHIBA_UCHIBOU
,サウスエンド,34.999656,139.851989,千葉県館山市八幡637-9,shop0,CHIBA_MINAMI
,さかえつり具,35.845876,139.962261,千葉県柏市今谷上町43-34,shop0,CHIBA_UCHIBOU
,サブマリン,35.432845,140.309062,千葉県茂原市東郷2300-10,shop0,CHIBA_SOTOBOU
,サンデー,35.150821,140.308722,千葉県勝浦市墨名708-6,shop0,CHIBA_MINAMI
,シー&リバーときわ,35.900984,139.904499,千葉県流山市江戸川台西1丁目24-1,shop0,CHIBA_UCHIBOU
,シマヤ釣具木更津店,35.378947,139.956795,千葉県木更津市ほたる野4-4-4,shop0,CHIBA_UCHIBOU
,スズハルR14号店,35.696706,139.986873,千葉県船橋市本町3丁目14-16,shop0,CHIBA_UCHIBOU
,スズハル本店,35.693441,139.996163,千葉県船橋市宮本2丁目14-31,shop0,CHIBA_UCHIBOU
,ツインズ,35.736932,140.322851,千葉県富里市七栄571-9,shop0,CHIBA_SOTOBOU
,つり具のつくば屋,35.856956,140.603348,千葉県香取市小見川4866-314,shop0,CHIBA_CHOUSHI
,つり具松林,35.526211,140.276414,千葉県千葉市緑区あすみが丘5丁目6-5,shop0,CHIBA_SOTOBOU
,つり善,35.899015,139.902958,千葉県流山市江戸川台西1丁目57,shop0,CHIBA_UCHIBOU
,のもと釣具店,35.304561,139.866031,千葉県富津市青木1645,shop0,CHIBA_UCHIBOU
,フィッシングガレージ・ブラック,35.590112,140.149221,千葉県千葉市中央区星久喜町157-3,shop0,CHIBA_UCHIBOU
,プロショップケイズ,35.895311,140.505514,千葉県香取市佐原ロ2018-1,shop0,CHIBA_CHOUSHI
,ヘッドハンターズ,35.776612,140.325514,千葉県成田市ウイング土屋256,shop0,CHIBA_SOTOBOU
,へら竿のときわ,35.900984,139.904499,千葉県流山市江戸川台西1丁目24-1,shop0,CHIBA_UCHIBOU
,ホワイトバス,35.795811,139.916012,千葉県松戸市南花島4丁目68-1,shop0,CHIBA_UCHIBOU
,マリンスポット釣吉,35.039211,139.843012,千葉県南房総市富浦町福澤869-1,shop0,CHIBA_MINAMI
,みやうち釣具店,35.706111,140.860012,千葉県銚子市外川町4丁目11246,shop0,CHIBA_CHOUSHI
,やお善釣具店,35.540111,140.450012,千葉県九十九里町片貝6782,shop0,CHIBA_SOTOBOU
,やまいく釣具店,35.316111,139.818012,千葉県富津市富津125-1,shop0,CHIBA_UCHIBOU
,餌しげ釣具店,35.253111,140.354012,千葉県いすみ市小沢1338-2,shop0,CHIBA_SOTOBOU
,榎本釣具店,35.244111,139.855012,千葉県富津市小久保2731,shop0,CHIBA_UCHIBOU
,奥野釣具店,35.733111,140.835012,千葉県銚子市竹町1524,shop0,CHIBA_CHOUSHI
,河井釣具店,35.632111,140.528012,千葉県横芝光町屋形5274-2,shop0,CHIBA_CHOUSHI
,まるへい民宿,34.985111,139.846012,千葉県館山市沼985-10,shop0,CHIBA_MINAMI
,京橋釣具店,35.138111,140.228012,千葉県勝浦市興津2593,shop0,CHIBA_MINAMI
,近江屋釣具店,35.105111,140.103012,千葉県鴨川市前原122,shop0,CHIBA_MINAMI
,御園生釣具店,35.719111,140.643012,千葉県旭市飯岡1933,shop0,CHIBA_CHOUSHI
,港釣具店,35.556111,140.463012,千葉県九十九里町小関2344-13,shop0,CHIBA_SOTOBOU
,高橋つり具,35.850111,140.608012,千葉県香取市小見川5629,shop0,CHIBA_CHOUSHI
,高梨釣具店,35.124111,140.141012,千葉県鴨川市天津1538-3,shop0,CHIBA_MINAMI
,今井釣具店,35.109111,139.829012,千葉県鋸南町勝山120,shop0,CHIBA_MINAMI
,佐藤つり具店,35.836111,140.126012,千葉県印西市木下1402,shop0,CHIBA_UCHIBOU
,佐野釣具店,34.978111,139.778012,千葉県館山市波左間619,shop0,CHIBA_MINAMI
,三橋つり具店,35.680111,140.024012,千葉県習志野市津田沼6-2-23,shop0,CHIBA_UCHIBOU
,市原フィッシングセンター,35.534111,140.116012,千葉県市原市八幡北町2-3-1,shop0,CHIBA_UCHIBOU
,市原釣具店,35.129111,140.155012,千葉県鴨川市天津3415,shop0,CHIBA_MINAMI
,小林釣具店,35.374111,140.354012,千葉県一宮町一宮2637-6,shop0,CHIBA_SOTOBOU
,信太釣具店,35.729111,140.829012,千葉県銚子市中央町1-17,shop0,CHIBA_CHOUSHI
,斉藤釣具店,35.428111,140.306012,千葉県茂原市高師824-5,shop0,CHIBA_SOTOBOU
,太洋釣具餌センター,34.993111,139.866012,千葉県館山市館山95-63,shop0,CHIBA_MINAMI
,大木釣具店,35.720111,140.648012,千葉県旭市ニ2116-1,shop0,CHIBA_CHOUSHI
,第一フィッシング 君津店,35.316111,139.919012,千葉県君津市外箕輪113-1,shop0,CHIBA_UCHIBOU
,釣具いちばん館 習志野店,35.725111,140.057012,千葉県船橋市習志野台5-21-18,shop0,CHIBA_UCHIBOU
,釣具屋あどう,34.945111,139.967012,千葉県南房総市千倉町忽戸543-1,shop0,CHIBA_MINAMI
,天野啓司,35.253111,140.395012,千葉県いすみ市大原10398-40,shop0,CHIBA_SOTOBOU
,田仲釣具店,35.034111,139.832012,千葉県南房総市富浦町多田良1012-9,shop0,CHIBA_MINAMI
,渡辺釣具店,35.753111,140.612012,千葉県旭市野中3443-1,shop0,CHIBA_CHOUSHI
,白石商店,35.955111,139.859012,千葉県野田市中野台680,shop0,CHIBA_UCHIBOU
,宝釣具センター,35.688111,139.921012,千葉県市川市宝1-9-24,shop0,CHIBA_UCHIBOU
,北見釣具店,35.114111,139.831012,千葉県鋸南町元名136,shop0,CHIBA_MINAMI
,堀込釣具店,35.234111,140.398012,千葉県いすみ市岬町中原159,shop0,CHIBA_SOTOBOU
,鈴木釣具店,34.985111,139.846012,千葉県館山市沼985,shop0,CHIBA_MINAMI