parent,name,lat,lng,registration
お台場周辺,ハゼ,35.608621,139.792104,TOKYO_HARUMI
お台場周辺,ハゼ,35.607163,139.791042,TOKYO_HARUMI
お台場周辺,ハゼ,35.607922,139.791557,TOKYO_HARUMI
お台場周辺,メバル,35.608289,139.791933,TOKYO_HARUMI
お台場周辺,メバル,35.60734694,139.791289,TOKYO_HARUMI
お台場周辺,メバル,35.606883,139.790871,TOKYO_HARUMI
お台場周辺,アイナメ,35.607592,139.791428,TOKYO_HARUMI
お台場周辺,アナゴ,35.60801,139.791922,TOKYO_HARUMI
お台場周辺,アナゴ,35.608421,139.792373,TOKYO_HARUMI
お台場周辺,シロギス,35.608124,139.792308,TOKYO_HARUMI
お台場周辺,シロギス,35.60774,139.791815,TOKYO_HARUMI
お台場周辺,アナゴ,35.607391,139.791675,TOKYO_HARUMI
お台場周辺,シロギス,35.607033,139.791375,TOKYO_HARUMI
お台場周辺,スズキ,35.606658,139.791407,TOKYO_HARUMI
お台場周辺,サヨリ,35.60781,139.792287,TOKYO_HARUMI
お台場周辺,サヨリ,35.607156,139.791868,TOKYO_HARUMI
お台場周辺,シロギス,35.608613,139.792855,TOKYO_HARUMI
お台場周辺,スズキ,35.607505,139.792137,TOKYO_HARUMI
お台場周辺,スズキ,35.608256,139.792823,TOKYO_HARUMI
お台場周辺,ハゼ,35.628404,139.771466,TOKYO_HARUMI
お台場周辺,ハゼ,35.628188,139.771049,TOKYO_HARUMI
お台場周辺,ハゼ,35.627855,139.770768,TOKYO_HARUMI
お台場周辺,ハゼ,35.627534,139.770237,TOKYO_HARUMI
お台場周辺,ハゼ,35.627182,139.769744,TOKYO_HARUMI
お台場周辺,メバル,35.627447,139.769866,TOKYO_HARUMI
お台場周辺,メバル,35.627805,139.770419,TOKYO_HARUMI
お台場周辺,メバル,35.628435,139.770981,TOKYO_HARUMI
お台場周辺,カレイ,35.628126,139.7707,TOKYO_HARUMI
お台場周辺,カレイ,35.62775,139.770017,TOKYO_HARUMI
お台場周辺,スズキ,35.628095,139.770177,TOKYO_HARUMI
お台場周辺,ボラ,35.627669,139.769608,TOKYO_HARUMI
お台場周辺,ボラ,35.628361,139.770526,TOKYO_HARUMI
お台場周辺,ハゼ,35.62514,139.767313,TOKYO_HARUMI
お台場周辺,ハゼ,35.621526,139.767662,TOKYO_HARUMI
お台場周辺,ハゼ,35.623526,139.767373,TOKYO_HARUMI
お台場周辺,メバル,35.622514,139.767373,TOKYO_HARUMI
お台場周辺,アイナメ,35.625587,139.767207,TOKYO_HARUMI
お台場周辺,アイナメ,35.62439,139.767328,TOKYO_HARUMI
お台場周辺,セイゴ,35.623044,139.766933,TOKYO_HARUMI
お台場周辺,フッコ,35.623945,139.766888,TOKYO_HARUMI
お台場周辺,メバル,35.624809,139.766903,TOKYO_HARUMI
お台場周辺,アイナメ,35.621906,139.767115,TOKYO_HARUMI
お台場周辺,セイゴ,35.620971,139.768223,TOKYO_HARUMI
お台場周辺,ハゼ,35.620526,139.768648,TOKYO_HARUMI
お台場周辺,メバル,35.62049,139.768026,TOKYO_HARUMI
お台場周辺,アナゴ,35.623489,139.766554,TOKYO_HARUMI
お台場周辺,アナゴ,35.62523,139.766493,TOKYO_HARUMI
お台場周辺,カレイ,35.62439,139.766463,TOKYO_HARUMI
お台場周辺,カレイ,35.622415,139.766569,TOKYO_HARUMI
お台場周辺,カレイ,35.62014409,139.7673734,TOKYO_HARUMI
お台場周辺,シロギス,35.621515,139.7666,TOKYO_HARUMI
お台場周辺,シロギス,35.623021,139.765978,TOKYO_HARUMI
お台場周辺,シロギス,35.624872,139.765932,TOKYO_HARUMI
お台場周辺,スズキ,35.623934,139.76578,TOKYO_HARUMI
お台場周辺,スズキ,35.620859,139.767222,TOKYO_HARUMI
お台場周辺,クロダイ,35.615497,139.775263,TOKYO_HARUMI
お台場周辺,ハゼ,35.614756,139.775885,TOKYO_HARUMI
お台場周辺,ハゼ,35.615089,139.775643,TOKYO_HARUMI
お台場周辺,アイナメ,35.615213,139.774793,TOKYO_HARUMI
お台場周辺,アナゴ,35.614842,139.774869,TOKYO_HARUMI
お台場周辺,セイゴ,35.614583,139.775339,TOKYO_HARUMI
お台場周辺,カレイ,35.614188,139.775187,TOKYO_HARUMI
お台場周辺,メバル,35.614139,139.776325,TOKYO_HARUMI
お台場周辺,メバル,35.615077,139.775233,TOKYO_HARUMI
お台場周辺,シロギス,35.614472,139.774672,TOKYO_HARUMI
お台場周辺,シロギス,35.614929,139.774171,TOKYO_HARUMI
お台場周辺,スズキ,35.614003,139.774565,TOKYO_HARUMI
奥多摩湖,ヤマベ,35.773918,138.998868,TOKYO_OKUTAMA
奥多摩湖,ヤマベ,35.773709,138.998557,TOKYO_OKUTAMA
奥多摩湖,ヤマベ,35.773569,138.998246,TOKYO_OKUTAMA
奥多摩湖,ヤマベ,35.777841,139.00505,TOKYO_OKUTAMA
奥多摩湖,ヤマベ,35.777545,139.005072,TOKYO_OKUTAMA
葛西臨海公園,テナガエビ,35.65418,139.855437,TOKYO_HARUMI
葛西臨海公園,テナガエビ,35.654007,139.858593,TOKYO_HARUMI
葛西臨海公園,テナガエビ,35.653476,139.863782,TOKYO_HARUMI
葛西臨海公園,ハゼ,35.654155,139.859427,TOKYO_HARUMI
葛西臨海公園,ハゼ,35.654241,139.860353,TOKYO_HARUMI
葛西臨海公園,ハゼ,35.654093,139.861339,TOKYO_HARUMI
葛西臨海公園,ハゼ,35.653748,139.862189,TOKYO_HARUMI
葛西臨海公園,セイゴ,35.63804,139.867461,TOKYO_HARUMI
葛西臨海公園,セイゴ,35.637991,139.862181,TOKYO_HARUMI
葛西臨海公園,セイゴ,35.639687,139.855077,TOKYO_HARUMI
葛西臨海公園,スズキ,35.637872,139.86027,TOKYO_HARUMI
葛西臨海公園,スズキ,35.639094,139.856408,TOKYO_HARUMI
葛西臨海公園,スズキ,35.641049,139.852073,TOKYO_HARUMI
葛西臨海公園,フッコ,35.6438,139.848211,TOKYO_HARUMI
葛西臨海公園,スズキ,35.645726,139.84834,TOKYO_HARUMI
葛西臨海公園,フッコ,35.641636,139.849327,TOKYO_HARUMI
葛西臨海公園,イシモチ,35.644917,139.847181,TOKYO_HARUMI
葛西臨海公園,イシモチ,35.64045,139.853618,TOKYO_HARUMI
葛西臨海公園,イシモチ,35.637905,139.863789,TOKYO_HARUMI
葛西臨海公園,ハゼ,35.637172,139.865849,TOKYO_HARUMI
葛西臨海公園,カレイ,35.642653,139.847524,TOKYO_HARUMI
葛西臨海公園,カレイ,35.638011,139.865634,TOKYO_HARUMI
葛西臨海公園,アナゴ,35.641323,139.847524,TOKYO_HARUMI
隅田川周辺,ハゼ,35.662034,139.777054,TOKYO_HARUMI
隅田川周辺,ハゼ,35.661244,139.777843,TOKYO_HARUMI
隅田川周辺,ハゼ,35.661059,139.778237,TOKYO_HARUMI
隅田川周辺,ハゼ,35.660529,139.778844,TOKYO_HARUMI
隅田川周辺,ハゼ,35.65843,139.772497,TOKYO_HARUMI
隅田川周辺,ハゼ,35.657163,139.773883,TOKYO_HARUMI
隅田川周辺,ハゼ,35.657989,139.772927,TOKYO_HARUMI
隅田川周辺,ハゼ,35.657594,139.773397,TOKYO_HARUMI
隅田川周辺,ハゼ,35.65485447,139.776274,TOKYO_HARUMI
隅田川周辺,ハゼ,35.656932,139.779557,TOKYO_HARUMI
隅田川周辺,ハゼ,35.6552915,139.7771752,TOKYO_HARUMI
隅田川周辺,ハゼ,35.656338,139.77872,TOKYO_HARUMI
隅田川周辺,ハゼ,35.655832,139.777905,TOKYO_HARUMI
隅田川周辺,ハゼ,35.657594,139.780716,TOKYO_HARUMI
隅田川周辺,ハゼ,35.657908,139.781145,TOKYO_HARUMI
隅田川周辺,ハゼ,35.65817,139.781553,TOKYO_HARUMI
隅田川周辺,ハゼ,35.658501,139.781982,TOKYO_HARUMI
隅田川周辺,セイゴ,35.661736,139.777342,TOKYO_HARUMI
隅田川周辺,フッコ,35.66149,139.777676,TOKYO_HARUMI
隅田川周辺,ハゼ,35.660812,139.77848,TOKYO_HARUMI
隅田川周辺,ハゼ,35.671538,139.786704,TOKYO_HARUMI
隅田川周辺,ハゼ,35.66732,139.787811,TOKYO_HARUMI
隅田川周辺,ハゼ,35.670181,139.787132,TOKYO_HARUMI
隅田川周辺,ハゼ,35.668698,139.78741,TOKYO_HARUMI
隅田川周辺,ボラ,35.668122,139.787933,TOKYO_HARUMI
隅田川周辺,セイゴ,35.669306,139.787584,TOKYO_HARUMI
隅田川周辺,セイゴ,35.6707,139.78722,TOKYO_HARUMI
隅田川周辺,フッコ,35.671169,139.786931,TOKYO_HARUMI
隅田川周辺,フッコ,35.669799,139.787386,TOKYO_HARUMI
隅田川周辺,スズキ,35.67045108,139.7876292,TOKYO_HARUMI
隅田川周辺,スズキ,35.668775,139.787993,TOKYO_HARUMI
隅田川周辺,ボラ,35.671563,139.787265,TOKYO_HARUMI
隅田川周辺,ボラ,35.667702,139.78816,TOKYO_HARUMI
隅田川周辺,ハゼ,35.66843,139.782793,TOKYO_HARUMI
隅田川周辺,ハゼ,35.668307,139.783028,TOKYO_HARUMI
隅田川周辺,ハゼ,35.669082,139.782223,TOKYO_HARUMI
隅田川周辺,ハゼ,35.670765,139.783897,TOKYO_HARUMI
隅田川周辺,ハゼ,35.670024,139.782792,TOKYO_HARUMI
隅田川周辺,セイゴ,35.669623,139.782363,TOKYO_HARUMI
隅田川周辺,セイゴ,35.670512,139.783242,TOKYO_HARUMI
隅田川周辺,フッコ,35.669396,139.781976,TOKYO_HARUMI
隅田川周辺,フッコ,35.670434,139.782738,TOKYO_HARUMI
隅田川周辺,ボラ,35.670914,139.783435,TOKYO_HARUMI
隅田川周辺,ボラ,35.670059,139.782245,TOKYO_HARUMI
隅田川周辺,セイゴ,35.659579,139.772441,TOKYO_HARUMI
隅田川周辺,セイゴ,35.661245,139.774945,TOKYO_HARUMI
隅田川周辺,フッコ,35.661862,139.77584,TOKYO_HARUMI
隅田川周辺,フッコ,35.66081122,139.7738371,TOKYO_HARUMI
隅田川周辺,フッコ,35.65999793,139.7726232,TOKYO_HARUMI
隅田川周辺,ハゼ,35.660392,139.773807,TOKYO_HARUMI
隅田川周辺,ハゼ,35.660837,139.774459,TOKYO_HARUMI
隅田川周辺,セイゴ,35.660035,139.77323,TOKYO_HARUMI
隅田川周辺,スズキ,35.660528,139.773169,TOKYO_HARUMI
隅田川周辺,スズキ,35.661293,139.774262,TOKYO_HARUMI
隅田川周辺,スズキ,35.66227845,139.7757488,TOKYO_HARUMI
隅田川周辺,セイゴ,35.662205,139.776371,TOKYO_HARUMI
隅田川周辺,ボラ,35.662624,139.776341,TOKYO_HARUMI
隅田川周辺,ボラ,35.661612,139.774702,TOKYO_HARUMI
隅田川周辺,ボラ,35.659518,139.771849,TOKYO_HARUMI
隅田川周辺,ハゼ,35.670717,139.78824,TOKYO_HARUMI
隅田川周辺,ハゼ,35.671599,139.7881,TOKYO_HARUMI
隅田川周辺,ハゼ,35.669711,139.788479,TOKYO_HARUMI
隅田川周辺,ボラ,35.669058,139.788373,TOKYO_HARUMI
隅田川周辺,ボラ,35.672043,139.787644,TOKYO_HARUMI
隅田川周辺,セイゴ,35.671167,139.787826,TOKYO_HARUMI
隅田川周辺,フッコ,35.670143,139.788054,TOKYO_HARUMI
隅田川周辺,スズキ,35.673179,139.788033,TOKYO_HARUMI
隅田川周辺,スズキ,35.674155,139.787475,TOKYO_HARUMI
隅田川周辺,ハゼ,35.673754,139.78814,TOKYO_HARUMI
隅田川周辺,ハゼ,35.674644,139.787968,TOKYO_HARUMI
隅田川周辺,ハゼ,35.675656,139.787968,TOKYO_HARUMI
隅田川周辺,セイゴ,35.675201,139.787625,TOKYO_HARUMI
隅田川周辺,ボラ,35.674778,139.78725,TOKYO_HARUMI
隅田川周辺,スズキ,35.675715,139.786969,TOKYO_HARUMI
隅田川周辺,スズキ,35.67196645,139.7849057,TOKYO_HARUMI
隅田川周辺,ハゼ,35.674555,139.786514,TOKYO_HARUMI
隅田川周辺,ハゼ,35.673396,139.785543,TOKYO_HARUMI
隅田川周辺,セイゴ,35.673839,139.786332,TOKYO_HARUMI
隅田川周辺,セイゴ,35.672729,139.7853,TOKYO_HARUMI
隅田川周辺,スズキ,35.672004,139.781939,TOKYO_HARUMI
隅田川周辺,フッコ,35.671819,139.782486,TOKYO_HARUMI
隅田川周辺,ハゼ,35.671177,139.781727,TOKYO_HARUMI
隅田川周辺,ハゼ,35.67022917,139.7814994,TOKYO_HARUMI
隅田川周辺,ハゼ,35.669339,139.781059,TOKYO_HARUMI
隅田川周辺,ハゼ,35.67156058,139.7831229,TOKYO_HARUMI
隅田川周辺,ハゼ,35.672363,139.784443,TOKYO_HARUMI
隅田川周辺,セイゴ,35.671574,139.781955,TOKYO_HARUMI
隅田川周辺,セイゴ,35.670673,139.781788,TOKYO_HARUMI
隅田川周辺,セイゴ,35.669773,139.781423,TOKYO_HARUMI
隅田川周辺,スズキ,35.671166,139.782395,TOKYO_HARUMI
隅田川周辺,スズキ,35.66886,139.781378,TOKYO_HARUMI
隅田川周辺,セイゴ,35.667715,139.780377,TOKYO_HARUMI
隅田川周辺,セイゴ,35.66447,139.777554,TOKYO_HARUMI
隅田川周辺,ハゼ,35.666494,139.779679,TOKYO_HARUMI
隅田川周辺,ハゼ,35.665618,139.778677,TOKYO_HARUMI
隅田川周辺,ハゼ,35.66386892,139.776204,TOKYO_HARUMI
隅田川周辺,ハゼ,35.6672,139.780073,TOKYO_HARUMI
隅田川周辺,ハゼ,35.664992,139.77801,TOKYO_HARUMI
隅田川周辺,セイゴ,35.666064,139.779239,TOKYO_HARUMI
隅田川周辺,スズキ,35.666631,139.780392,TOKYO_HARUMI
隅田川周辺,スズキ,35.66515153,139.7790869,TOKYO_HARUMI
隅田川周辺,フッコ,35.663732,139.777221,TOKYO_HARUMI
隅田川周辺,フッコ,35.66578,139.779542,TOKYO_HARUMI
隅田川周辺,ボラ,35.663301,139.776052,TOKYO_HARUMI
隅田川周辺,ボラ,35.664633,139.778465,TOKYO_HARUMI
隅田川周辺,ボラ,35.667273,139.780771,TOKYO_HARUMI
江東区周辺,ハゼ,35.685249,139.820611,TOKYO_HARUMI
江東区周辺,ハゼ,35.685502,139.820579,TOKYO_HARUMI
江東区周辺,ハゼ,35.685049,139.820321,TOKYO_HARUMI
江東区周辺,ハゼ,35.685022,139.819763,TOKYO_HARUMI
江東区周辺,ハゼ,35.684988,139.819034,TOKYO_HARUMI
江東区周辺,ハゼ,35.684752,139.820665,TOKYO_HARUMI
江東区周辺,ハゼ,35.684883,139.820375,TOKYO_HARUMI
江東区周辺,ハゼ,35.684857,139.819656,TOKYO_HARUMI
江東区周辺,ハゼ,35.684804,139.819002,TOKYO_HARUMI
江東区周辺,ハゼ,35.685075,139.820933,TOKYO_HARUMI
江東区周辺,ハゼ,35.685118,139.821222,TOKYO_HARUMI
江東区周辺,ハゼ,35.676036,139.809554,TOKYO_HARUMI
江東区周辺,ハゼ,35.67585,139.804168,TOKYO_HARUMI
江東区周辺,ハゼ,35.675961,139.80661,TOKYO_HARUMI
江東区周辺,ハゼ,35.675974,139.807384,TOKYO_HARUMI
江東区周辺,ハゼ,35.676035,139.808568,TOKYO_HARUMI
江東区周辺,ハゼ,35.6759,139.805381,TOKYO_HARUMI
江東区周辺,ハゼ,35.675053,139.803552,TOKYO_HARUMI
江東区周辺,ハゼ,35.67444987,139.8033375,TOKYO_HARUMI
江東区周辺,ハゼ,35.67315987,139.8029834,TOKYO_HARUMI
江東区周辺,ハゼ,35.673814,139.803155,TOKYO_HARUMI
江東区周辺,ハゼ,35.665412,139.820335,TOKYO_HARUMI
江東区周辺,ハゼ,35.665133,139.820463,TOKYO_HARUMI
江東区周辺,ハゼ,35.665774,139.820431,TOKYO_HARUMI
江東区周辺,ハゼ,35.66577,139.819745,TOKYO_HARUMI
江東区周辺,ハゼ,35.665687,139.818387,TOKYO_HARUMI
江東区周辺,ハゼ,35.665586,139.816891,TOKYO_HARUMI
江東区周辺,セイゴ,35.6656381,139.8188594,TOKYO_HARUMI
江東区周辺,セイゴ,35.6655422,139.8173949,TOKYO_HARUMI
江東区周辺,セイゴ,35.665623,139.820044,TOKYO_HARUMI
江東区周辺,ボラ,35.665723,139.820205,TOKYO_HARUMI
江東区周辺,フッコ,35.665597,139.820419,TOKYO_HARUMI
江東区周辺,フッコ,35.665564,139.817974,TOKYO_HARUMI
江東区周辺,ボラ,35.66566428,139.8193744,TOKYO_HARUMI
江東区周辺,フッコ,35.665481,139.816362,TOKYO_HARUMI
江東区周辺,ハゼ,35.665507,139.815751,TOKYO_HARUMI
江東区周辺,セイゴ,35.665394,139.815118,TOKYO_HARUMI
江東区周辺,ハゼ,35.665446,139.814388,TOKYO_HARUMI
芝浦周辺,スズキ,35.63684222,139.7610766,TOKYO_HARUMI
芝浦周辺,スズキ,35.636293,139.760647,TOKYO_HARUMI
芝浦周辺,クロダイ,35.63662418,139.7604543,TOKYO_HARUMI
芝浦周辺,クロダイ,35.636782,139.759253,TOKYO_HARUMI
芝浦周辺,イワシ,35.63683348,139.760626,TOKYO_HARUMI
芝浦周辺,イワシ,35.636564,139.758995,TOKYO_HARUMI
芝浦周辺,サッパ,35.636337,139.758813,TOKYO_HARUMI
芝浦周辺,ハゼ,35.636581,139.759929,TOKYO_HARUMI
芝浦周辺,カレイ,35.636424,139.761173,TOKYO_HARUMI
芝浦周辺,ハゼ,35.648427,139.756686,TOKYO_HARUMI
芝浦周辺,ハゼ,35.648968,139.757378,TOKYO_HARUMI
芝浦周辺,ハゼ,35.64874828,139.7572491,TOKYO_HARUMI
芝浦周辺,セイゴ,35.648318,139.756884,TOKYO_HARUMI
芝浦周辺,フッコ,35.6485,139.757131,TOKYO_HARUMI
芝浦周辺,ボラ,35.64809,139.756911,TOKYO_HARUMI
芝浦周辺,ボラ,35.648308,139.757126,TOKYO_HARUMI
芝浦周辺,ハゼ,35.648242,139.75667,TOKYO_HARUMI
芝浦周辺,スズキ,35.646725,139.756064,TOKYO_HARUMI
芝浦周辺,ハゼ,35.646555,139.756085,TOKYO_HARUMI
芝浦周辺,ハゼ,35.646285,139.756031,TOKYO_HARUMI
芝浦周辺,フッコ,35.646027,139.755865,TOKYO_HARUMI
芝浦周辺,ボラ,35.646708,139.75631,TOKYO_HARUMI
芝浦周辺,ハゼ,35.636484,139.75097,TOKYO_HARUMI
芝浦周辺,ハゼ,35.637409,139.751496,TOKYO_HARUMI
芝浦周辺,ハゼ,35.63901255,139.7523523,TOKYO_HARUMI
芝浦周辺,ハゼ,35.640367,139.75303,TOKYO_HARUMI
芝浦周辺,ハゼ,35.641371,139.753609,TOKYO_HARUMI
芝浦周辺,セイゴ,35.636929,139.751305,TOKYO_HARUMI
芝浦周辺,セイゴ,35.638361,139.752049,TOKYO_HARUMI
芝浦周辺,フッコ,35.63971605,139.7527316,TOKYO_HARUMI
芝浦周辺,フッコ,35.637879,139.751836,TOKYO_HARUMI
芝浦周辺,ハゼ,35.636537,139.750316,TOKYO_HARUMI
芝浦周辺,スズキ,35.63613583,139.7509271,TOKYO_HARUMI
芝浦周辺,セイゴ,35.63626695,139.7504228,TOKYO_HARUMI
芝浦周辺,ボラ,35.635918,139.750659,TOKYO_HARUMI
芝浦周辺,ハゼ,35.64175123,139.7532209,TOKYO_HARUMI
芝浦周辺,ハゼ,35.64173856,139.7524623,TOKYO_HARUMI
芝浦周辺,ハゼ,35.64170184,139.7513926,TOKYO_HARUMI
芝浦周辺,ハゼ,35.641739,139.751969,TOKYO_HARUMI
芝浦周辺,セイゴ,35.641813,139.751666,TOKYO_HARUMI
芝浦周辺,セイゴ,35.64176945,139.7527582,TOKYO_HARUMI
芝浦周辺,セイゴ,35.641677,139.753547,TOKYO_HARUMI
芝浦周辺,フッコ,35.641844,139.753039,TOKYO_HARUMI
芝浦周辺,フッコ,35.641868,139.751302,TOKYO_HARUMI
芝浦周辺,スズキ,35.641868,139.752091,TOKYO_HARUMI
芝浦周辺,スズキ,35.641843,139.753449,TOKYO_HARUMI
芝浦周辺,セイゴ,35.6373829,139.7495189,TOKYO_HARUMI
芝浦周辺,ハゼ,35.638657,139.749481,TOKYO_HARUMI
芝浦周辺,ハゼ,35.638199,139.749476,TOKYO_HARUMI
芝浦周辺,ハゼ,35.637723,139.749487,TOKYO_HARUMI
芝浦周辺,ハゼ,35.637095,139.749511,TOKYO_HARUMI
芝浦周辺,ハゼ,35.636807,139.749286,TOKYO_HARUMI
芝浦周辺,フッコ,35.638456,139.749514,TOKYO_HARUMI
芝浦周辺,ハゼ,35.637967,139.749438,TOKYO_HARUMI
芝浦周辺,ボラ,35.636934,139.749514,TOKYO_HARUMI
芝浦周辺,スズキ,35.636598,139.749487,TOKYO_HARUMI
芝浦周辺,ボラ,35.636685,139.749256,TOKYO_HARUMI
芝浦周辺,スズキ,35.63378151,139.7472471,TOKYO_HARUMI
芝浦周辺,スズキ,35.632987,139.746813,TOKYO_HARUMI
芝浦周辺,ハゼ,35.634672,139.747515,TOKYO_HARUMI
芝浦周辺,ハゼ,35.634288,139.747708,TOKYO_HARUMI
芝浦周辺,ハゼ,35.633546,139.746882,TOKYO_HARUMI
芝浦周辺,ハゼ,35.632429,139.746743,TOKYO_HARUMI
芝浦周辺,ハゼ,35.63200911,139.7461504,TOKYO_HARUMI
芝浦周辺,セイゴ,35.634113,139.747376,TOKYO_HARUMI
芝浦周辺,セイゴ,35.633275,139.747,TOKYO_HARUMI
芝浦周辺,セイゴ,35.63223731,139.7464311,TOKYO_HARUMI
芝浦周辺,フッコ,35.632736,139.746678,TOKYO_HARUMI
芝浦周辺,ハゼ,35.631417,139.746075,TOKYO_HARUMI
芝浦周辺,ハゼ,35.63069,139.746329,TOKYO_HARUMI
芝浦周辺,ハゼ,35.629949,139.746253,TOKYO_HARUMI
芝浦周辺,テナガエビ,35.629245,139.745889,TOKYO_HARUMI
芝浦周辺,スズキ,35.629492,139.746056,TOKYO_HARUMI
芝浦周辺,セイゴ,35.630319,139.746116,TOKYO_HARUMI
芝浦周辺,ハゼ,35.631008,139.746035,TOKYO_HARUMI
若洲海浜公園,ハゼ,35.61251,139.834862,TOKYO_HARUMI
若洲海浜公園,カサゴ,35.61312571,139.8344223,TOKYO_HARUMI
若洲海浜公園,メバル,35.61380475,139.8338306,TOKYO_HARUMI
若洲海浜公園,カサゴ,35.61447096,139.8333299,TOKYO_HARUMI
若洲海浜公園,メバル,35.61506304,139.832814,TOKYO_HARUMI
若洲海浜公園,クロダイ,35.612694,139.834164,TOKYO_HARUMI
若洲海浜公園,クロダイ,35.614003,139.833087,TOKYO_HARUMI
若洲海浜公園,ソイ,35.614089,139.832207,TOKYO_HARUMI
若洲海浜公園,ソイ,35.613385,139.833618,TOKYO_HARUMI
若洲海浜公園,アイナメ,35.614558,139.832602,TOKYO_HARUMI
若洲海浜公園,スズキ,35.61209,139.834149,TOKYO_HARUMI
若洲海浜公園,スズキ,35.613497,139.832753,TOKYO_HARUMI
若洲海浜公園,サヨリ,35.61288,139.833406,TOKYO_HARUMI
若洲海浜公園,アイナメ,35.61629,139.831994,TOKYO_HARUMI
若洲海浜公園,カサゴ,35.616744,139.831544,TOKYO_HARUMI
若洲海浜公園,ソイ,35.617291,139.831125,TOKYO_HARUMI
若洲海浜公園,アイナメ,35.61262,139.828262,TOKYO_HARUMI
若洲海浜公園,サッパ,35.61321218,139.8289753,TOKYO_HARUMI
若洲海浜公園,サッパ,35.613842,139.829658,TOKYO_HARUMI
若洲海浜公園,カサゴ,35.614434,139.830144,TOKYO_HARUMI
若洲海浜公園,ソイ,35.61573,139.831494,TOKYO_HARUMI
若洲海浜公園,ハゼ,35.615125,139.830902,TOKYO_HARUMI
若洲海浜公園,イワシ,35.613077,139.828365,TOKYO_HARUMI
若洲海浜公園,イワシ,35.614324,139.829571,TOKYO_HARUMI
若洲海浜公園,メバル,35.613669,139.829063,TOKYO_HARUMI
若洲海浜公園,クロダイ,35.61475,139.830587,TOKYO_HARUMI
若洲海浜公園,アイナメ,35.61496,139.83017,TOKYO_HARUMI
若洲海浜公園,ソイ,35.614107,139.829977,TOKYO_HARUMI
若洲海浜公園,コノシロ,35.615529,139.830975,TOKYO_HARUMI
若洲海浜公園,コノシロ,35.616071,139.831522,TOKYO_HARUMI
若洲海浜公園,コノシロ,35.613462,139.828593,TOKYO_HARUMI
若洲海浜公園,サヨリ,35.614055,139.829215,TOKYO_HARUMI
若洲海浜公園,サヨリ,35.615374,139.830406,TOKYO_HARUMI
若洲海浜公園,イシモチ,35.614718,139.829677,TOKYO_HARUMI
若洲海浜公園,アナゴ,35.614526,139.828979,TOKYO_HARUMI
若洲海浜公園,アナゴ,35.615346,139.829752,TOKYO_HARUMI
若洲海浜公園,シロギス,35.616848,139.830911,TOKYO_HARUMI
若洲海浜公園,シロギス,35.614072,139.828432,TOKYO_HARUMI
若洲海浜公園,イシモチ,35.61354869,139.8278528,TOKYO_HARUMI
若洲海浜公園,カレイ,35.612999,139.827322,TOKYO_HARUMI
若洲海浜公園,カレイ,35.615111,139.829017,TOKYO_HARUMI
若洲海浜公園,スズキ,35.616229,139.830583,TOKYO_HARUMI
昭和島,セイゴ,35.567931,139.748517,TOKYO_HARUMI
昭和島,セイゴ,35.569073,139.747008,TOKYO_HARUMI
昭和島,セイゴ,35.56848,139.747766,TOKYO_HARUMI
昭和島,セイゴ,35.57079366,139.7446938,TOKYO_HARUMI
昭和島,セイゴ,35.570196,139.745528,TOKYO_HARUMI
昭和島,フッコ,35.57069512,139.7450807,TOKYO_HARUMI
昭和島,フッコ,35.569881,139.746037,TOKYO_HARUMI
昭和島,フッコ,35.568208,139.748472,TOKYO_HARUMI
昭和島,メバル,35.56814638,139.748176,TOKYO_HARUMI
昭和島,メバル,35.56883773,139.7472504,TOKYO_HARUMI
昭和島,ハゼ,35.568363,139.748093,TOKYO_HARUMI
昭和島,ハゼ,35.568702,139.747577,TOKYO_HARUMI
昭和島,スズキ,35.569388,139.746772,TOKYO_HARUMI
昭和島,ハゼ,35.569998,139.745741,TOKYO_HARUMI
昭和島,ハゼ,35.570424,139.745194,TOKYO_HARUMI
昭和島,ハゼ,35.56967,139.746196,TOKYO_HARUMI
昭和島,ボラ,35.569079,139.74744,TOKYO_HARUMI
昭和島,ボラ,35.568704,139.747977,TOKYO_HARUMI
城南島海浜公園,カレイ,35.581592,139.788942,TOKYO_HARUMI
城南島海浜公園,ハゼ,35.58066777,139.7873032,TOKYO_HARUMI
城南島海浜公園,ハゼ,35.582258,139.785157,TOKYO_HARUMI
城南島海浜公園,クロダイ,35.582817,139.7852,TOKYO_HARUMI
城南島海浜公園,イワシ,35.581839,139.785651,TOKYO_HARUMI
城南島海浜公園,サッパ,35.581472,139.786252,TOKYO_HARUMI
城南島海浜公園,フッコ,35.581052,139.786767,TOKYO_HARUMI
城南島海浜公園,スズキ,35.582991,139.786166,TOKYO_HARUMI
城南島海浜公園,シロギス,35.582799,139.787389,TOKYO_HARUMI
城南島海浜公園,タチウオ,35.5822034,139.7882044,TOKYO_HARUMI
新川,ハゼ,35.676856,139.866906,TOKYO_HARUMI
新川,ハゼ,35.677248,139.86653,TOKYO_HARUMI
新川,ハゼ,35.680377,139.862335,TOKYO_HARUMI
新川,ハゼ,35.679775,139.863247,TOKYO_HARUMI
新川,ハゼ,35.679113,139.86402,TOKYO_HARUMI
新川,ハゼ,35.678424,139.864739,TOKYO_HARUMI
新川,ハゼ,35.677744,139.865683,TOKYO_HARUMI
新川,テナガエビ,35.673509,139.876455,TOKYO_HARUMI
新川,テナガエビ,35.673287,139.877557,TOKYO_HARUMI
新木場周辺,ハゼ,35.649773,139.838936,TOKYO_HARUMI
新木場周辺,ハゼ,35.649301,139.83973,TOKYO_HARUMI
新木場周辺,ハゼ,35.648752,139.840567,TOKYO_HARUMI
新木場周辺,セイゴ,35.648307,139.841253,TOKYO_HARUMI
新木場周辺,セイゴ,35.649031,139.840105,TOKYO_HARUMI
新木場周辺,セイゴ,35.649554,139.839322,TOKYO_HARUMI
新木場周辺,カレイ,35.649642,139.839751,TOKYO_HARUMI
新木場周辺,カレイ,35.648865,139.841167,TOKYO_HARUMI
新木場周辺,ボラ,35.649144,139.840642,TOKYO_HARUMI
新木場周辺,スズキ,35.650069,139.839118,TOKYO_HARUMI
新木場周辺,ハゼ,35.637873,139.841189,TOKYO_HARUMI
新木場周辺,カサゴ,35.636965,139.841146,TOKYO_HARUMI
新木場周辺,ソイ,35.636048,139.84106,TOKYO_HARUMI
新木場周辺,カサゴ,35.635027,139.840942,TOKYO_HARUMI
新木場周辺,メバル,35.633996,139.840904,TOKYO_HARUMI
新木場周辺,クロダイ,35.6374,139.841441,TOKYO_HARUMI
新木場周辺,クロダイ,35.636492,139.841312,TOKYO_HARUMI
新木場周辺,アイナメ,35.63555,139.841226,TOKYO_HARUMI
新木場周辺,クロダイ,35.634488,139.841098,TOKYO_HARUMI
新木場周辺,クロダイ,35.633529,139.84069,TOKYO_HARUMI
新木場周辺,クロダイ,35.633284,139.839295,TOKYO_HARUMI
新木場周辺,メバル,35.633284,139.83996,TOKYO_HARUMI
新木場周辺,ハゼ,35.633127,139.838653,TOKYO_HARUMI
新木場周辺,セイゴ,35.636897,139.842022,TOKYO_HARUMI
新木場周辺,セイゴ,35.633668,139.84155,TOKYO_HARUMI
新木場周辺,フッコ,35.636199,139.841958,TOKYO_HARUMI
新木場周辺,スズキ,35.637665,139.842194,TOKYO_HARUMI
新木場周辺,スズキ,35.635047,139.841958,TOKYO_HARUMI
新木場周辺,スズキ,35.632761,139.839726,TOKYO_HARUMI
新木場周辺,サヨリ,35.634297,139.842001,TOKYO_HARUMI
新木場周辺,サヨリ,35.632953,139.840971,TOKYO_HARUMI
新木場周辺,ボラ,35.635641,139.842258,TOKYO_HARUMI
新木場周辺,ハゼ,35.642584,139.824101,TOKYO_HARUMI
新木場周辺,ハゼ,35.641732,139.822811,TOKYO_HARUMI
新木場周辺,ハゼ,35.642084,139.822743,TOKYO_HARUMI
新木場周辺,ハゼ,35.642497,139.82316,TOKYO_HARUMI
新木場周辺,セイゴ,35.642479,139.823502,TOKYO_HARUMI
新木場周辺,セイゴ,35.641905,139.822652,TOKYO_HARUMI
新木場周辺,フッコ,35.642676,139.823775,TOKYO_HARUMI
新木場周辺,メバル,35.642442,139.82288,TOKYO_HARUMI
新木場周辺,メバル,35.642306,139.822713,TOKYO_HARUMI
新木場周辺,フッコ,35.64251,139.822584,TOKYO_HARUMI
新木場周辺,スズキ,35.642158,139.822295,TOKYO_HARUMI
新木場周辺,スズキ,35.642701,139.823206,TOKYO_HARUMI
新木場周辺,ボラ,35.642689,139.822789,TOKYO_HARUMI
新木場周辺,ボラ,35.641769,139.822326,TOKYO_HARUMI
清砂大橋,クロダイ,35.665364,139.843852,TOKYO_HARUMI
清砂大橋,クロダイ,35.66057585,139.8435943,TOKYO_HARUMI
清砂大橋,クロダイ,35.66867968,139.8442304,TOKYO_HARUMI
清砂大橋,スズキ,35.66619892,139.8442126,TOKYO_HARUMI
清砂大橋,スズキ,35.67119728,139.8446147,TOKYO_HARUMI
清砂大橋,スズキ,35.66350634,139.8445952,TOKYO_HARUMI
清砂大橋,クロダイ,35.65610173,139.8431817,TOKYO_HARUMI
清砂大橋,キビレ,35.65665146,139.843856,TOKYO_HARUMI
清砂大橋,ハゼ,35.664252,139.844016,TOKYO_HARUMI
清砂大橋,ハゼ,35.661671,139.843887,TOKYO_HARUMI
清砂大橋,ハゼ,35.659318,139.843758,TOKYO_HARUMI
清砂大橋,スズキ,35.657695,139.844424,TOKYO_HARUMI
清砂大橋,セイゴ,35.658429,139.843909,TOKYO_HARUMI
清砂大橋,セイゴ,35.662704,139.844102,TOKYO_HARUMI
清砂大橋,ウナギ,35.664462,139.84481,TOKYO_HARUMI
清砂大橋,ウナギ,35.660065,139.844617,TOKYO_HARUMI
清砂大橋,ウナギ,35.656616,139.844939,TOKYO_HARUMI
清砂大橋,ボラ,35.658832,139.845046,TOKYO_HARUMI
清砂大橋,ボラ,35.661885,139.84496,TOKYO_HARUMI
清砂大橋,ハゼ,35.667566,139.844638,TOKYO_HARUMI
清砂大橋,ハゼ,35.669852,139.844724,TOKYO_HARUMI
清水池公園,クチボソ,35.624129,139.692281,TOKYO_TOSHIN
清水池公園,クチボソ,35.623911,139.692307,TOKYO_TOSHIN
清水池公園,クチボソ,35.623893,139.692565,TOKYO_TOSHIN
清水池公園,クチボソ,35.624138,139.692586,TOKYO_TOSHIN
清水池公園,ヘラブナ,35.624024,139.692602,TOKYO_TOSHIN
清水池公園,ヘラブナ,35.623819,139.692409,TOKYO_TOSHIN
清水池公園,ヘラブナ,35.624016,139.692291,TOKYO_TOSHIN
多摩川ガス橋,テナガエビ,35.563216,139.677945,TOKYO_HARUMI
多摩川ガス橋,テナガエビ,35.564365,139.676989,TOKYO_HARUMI
多摩川ガス橋,テナガエビ,35.563958,139.677338,TOKYO_HARUMI
多摩川ガス橋,テナガエビ,35.563636,139.677611,TOKYO_HARUMI
多摩川ガス橋,テナガエビ,35.562845,139.678385,TOKYO_HARUMI
多摩川ガス橋,テナガエビ,35.561314,139.680752,TOKYO_HARUMI
多摩川ガス橋,テナガエビ,35.562067,139.679477,TOKYO_HARUMI
多摩川ガス橋,テナガエビ,35.562463,139.6789,TOKYO_HARUMI
多摩川ガス橋,テナガエビ,35.561697,139.680145,TOKYO_HARUMI
多摩川是政橋,ヤマベ,35.652842,139.489475,TOKYO_OKUTAMA
多摩川是政橋,ヤマベ,35.652299,139.48468,TOKYO_OKUTAMA
多摩川是政橋,ヤマベ,35.652496,139.486986,TOKYO_OKUTAMA
多摩川是政橋,ヤマベ,35.653385,139.491599,TOKYO_OKUTAMA
多摩川是政橋,ヤマベ,35.653434,139.494027,TOKYO_OKUTAMA
多摩川是政橋,ヤマベ,35.652348,139.497911,TOKYO_OKUTAMA
多摩川是政橋,ウグイ,35.652012,139.482111,TOKYO_OKUTAMA
多摩川是政橋,ウグイ,35.652763,139.495908,TOKYO_OKUTAMA
多摩川是政橋,ウグイ,35.652146,139.479901,TOKYO_OKUTAMA
多摩川日野,ヤマベ,35.685139,139.398319,TOKYO_OKUTAMA
多摩川日野,ヤマベ,35.68493,139.400615,TOKYO_OKUTAMA
多摩川日野,ヤマベ,35.684773,139.401516,TOKYO_OKUTAMA
多摩川日野,ヤマベ,35.687523,139.385637,TOKYO_OKUTAMA
多摩川日野,ヤマベ,35.687732,139.386259,TOKYO_OKUTAMA
多摩川日野,ヤマベ,35.687498,139.384577,TOKYO_OKUTAMA
多摩川日野,ウグイ,35.688065,139.388955,TOKYO_OKUTAMA
多摩川日野,ウグイ,35.684825,139.402539,TOKYO_OKUTAMA
多摩川日野,ウグイ,35.685007,139.399485,TOKYO_OKUTAMA
大井周辺,ハゼ,35.600816,139.748696,TOKYO_HARUMI
大井周辺,ハゼ,35.60541624,139.7514874,TOKYO_HARUMI
大井周辺,ハゼ,35.602283,139.749682,TOKYO_HARUMI
大井周辺,ハゼ,35.603727,139.75082,TOKYO_HARUMI
大井周辺,セイゴ,35.603073,139.750183,TOKYO_HARUMI
大井周辺,セイゴ,35.604604,139.751305,TOKYO_HARUMI
大井周辺,セイゴ,35.601616,139.749212,TOKYO_HARUMI
大井周辺,スズキ,35.601308,139.748453,TOKYO_HARUMI
大井周辺,カレイ,35.602789,139.749424,TOKYO_HARUMI
大井周辺,カレイ,35.603629,139.750076,TOKYO_HARUMI
大井周辺,スズキ,35.605061,139.751093,TOKYO_HARUMI
大井周辺,ボラ,35.604295,139.750668,TOKYO_HARUMI
大井周辺,ボラ,35.602122,139.748969,TOKYO_HARUMI
大井周辺,ハゼ,35.5989379,139.7485131,TOKYO_HARUMI
大井周辺,ハゼ,35.59735851,139.7484273,TOKYO_HARUMI
大井周辺,ハゼ,35.595293,139.748315,TOKYO_HARUMI
大井周辺,ハゼ,35.592342,139.748057,TOKYO_HARUMI
大井周辺,ハゼ,35.593879,139.748358,TOKYO_HARUMI
大井周辺,セイゴ,35.594647,139.748079,TOKYO_HARUMI
大井周辺,セイゴ,35.593215,139.748057,TOKYO_HARUMI
大井周辺,ボラ,35.593791,139.747649,TOKYO_HARUMI
大井周辺,カレイ,35.592761,139.747585,TOKYO_HARUMI
大井周辺,アナゴ,35.591364,139.747757,TOKYO_HARUMI
大井周辺,スズキ,35.592028,139.747521,TOKYO_HARUMI
大井周辺,ハゼ,35.589864,139.749902,TOKYO_HARUMI
大井周辺,ハゼ,35.58934,139.749302,TOKYO_HARUMI
大井周辺,ハゼ,35.588414,139.749388,TOKYO_HARUMI
大井周辺,セイゴ,35.589794,139.749194,TOKYO_HARUMI
大井周辺,フッコ,35.588886,139.748958,TOKYO_HARUMI
大井周辺,カレイ,35.589463,139.748465,TOKYO_HARUMI
大井周辺,スズキ,35.587909,139.749044,TOKYO_HARUMI
大井周辺,スズキ,35.585712,139.749945,TOKYO_HARUMI
大井周辺,スズキ,35.58403559,139.7507179,TOKYO_HARUMI
大井周辺,ハゼ,35.585904,139.750546,TOKYO_HARUMI
大井周辺,ハゼ,35.583878,139.751405,TOKYO_HARUMI
大井周辺,ハゼ,35.584943,139.751018,TOKYO_HARUMI
大井周辺,セイゴ,35.58538,139.750589,TOKYO_HARUMI
大井周辺,セイゴ,35.584402,139.751061,TOKYO_HARUMI
大井周辺,ボラ,35.584856,139.750353,TOKYO_HARUMI
大井周辺,ハゼ,35.576977,139.756813,TOKYO_HARUMI
大井周辺,ハゼ,35.577261,139.755281,TOKYO_HARUMI
大井周辺,メバル,35.576964,139.756267,TOKYO_HARUMI
大井周辺,メバル,35.577051,139.755751,TOKYO_HARUMI
大井周辺,セイゴ,35.576768,139.75656,TOKYO_HARUMI
大井周辺,セイゴ,35.576995,139.755347,TOKYO_HARUMI
大井周辺,フッコ,35.576812,139.755948,TOKYO_HARUMI
大井周辺,カレイ,35.576323,139.75657,TOKYO_HARUMI
大井周辺,カレイ,35.57646226,139.7556907,TOKYO_HARUMI
大井周辺,アナゴ,35.576786,139.754843,TOKYO_HARUMI
大井周辺,アナゴ,35.576541,139.756946,TOKYO_HARUMI
大井周辺,シロギス,35.576594,139.756173,TOKYO_HARUMI
大井周辺,シロギス,35.576768,139.755519,TOKYO_HARUMI
大井周辺,ボラ,35.576471,139.755023,TOKYO_HARUMI
大井周辺,ボラ,35.576138,139.756024,TOKYO_HARUMI
辰巳運河周辺,セイゴ,35.65352,139.804725,TOKYO_HARUMI
辰巳運河周辺,メバル,35.653236,139.80427,TOKYO_HARUMI
辰巳運河周辺,メバル,35.654796,139.803398,TOKYO_HARUMI
辰巳運河周辺,メバル,35.654062,139.803458,TOKYO_HARUMI
辰巳運河周辺,メバル,35.655666,139.802556,TOKYO_HARUMI
辰巳運河周辺,セイゴ,35.655036,139.802616,TOKYO_HARUMI
辰巳運河周辺,セイゴ,35.6544,139.803291,TOKYO_HARUMI
辰巳運河周辺,セイゴ,35.65403,139.804111,TOKYO_HARUMI
辰巳運河周辺,フッコ,35.653703,139.804338,TOKYO_HARUMI
辰巳運河周辺,フッコ,35.654752,139.80298,TOKYO_HARUMI
辰巳運河周辺,セイゴ,35.655956,139.80163,TOKYO_HARUMI
辰巳運河周辺,ハゼ,35.656548,139.801069,TOKYO_HARUMI
辰巳運河周辺,ハゼ,35.65556,139.802093,TOKYO_HARUMI
辰巳運河周辺,ハゼ,35.653728,139.803906,TOKYO_HARUMI
辰巳運河周辺,スズキ,35.6544,139.803709,TOKYO_HARUMI
辰巳運河周辺,スズキ,35.656887,139.801023,TOKYO_HARUMI
辰巳運河周辺,ボラ,35.656392,139.801516,TOKYO_HARUMI
辰巳運河周辺,ボラ,35.655332,139.802669,TOKYO_HARUMI
辰巳運河周辺,ボラ,35.653482,139.804202,TOKYO_HARUMI
辰巳運河周辺,ハゼ,35.655979,139.808827,TOKYO_HARUMI
辰巳運河周辺,ハゼ,35.655485,139.808068,TOKYO_HARUMI
辰巳運河周辺,ハゼ,35.654844,139.807901,TOKYO_HARUMI
辰巳運河周辺,ハゼ,35.654326,139.808402,TOKYO_HARUMI
辰巳運河周辺,ハゼ,35.654252,139.810359,TOKYO_HARUMI
辰巳運河周辺,ハゼ,35.654214,139.809449,TOKYO_HARUMI
辰巳運河周辺,セイゴ,35.653955,139.809889,TOKYO_HARUMI
辰巳運河周辺,セイゴ,35.653906,139.808766,TOKYO_HARUMI
辰巳運河周辺,セイゴ,35.655226,139.807597,TOKYO_HARUMI
辰巳運河周辺,セイゴ,35.654412,139.80778,TOKYO_HARUMI
辰巳運河周辺,ボラ,35.65477,139.807203,TOKYO_HARUMI
辰巳運河周辺,ボラ,35.653931,139.808038,TOKYO_HARUMI
辰巳運河周辺,カレイ,35.65434,139.807111,TOKYO_HARUMI
辰巳運河周辺,カレイ,35.654056,139.80746,TOKYO_HARUMI
辰巳運河周辺,ハゼ,35.655087,139.815018,TOKYO_HARUMI
辰巳運河周辺,ハゼ,35.655048,139.814654,TOKYO_HARUMI
辰巳運河周辺,ボラ,35.654956,139.814868,TOKYO_HARUMI
辰巳運河周辺,ハゼ,35.6549205,139.815217,TOKYO_HARUMI
辰巳運河周辺,セイゴ,35.654772,139.814348,TOKYO_HARUMI
辰巳運河周辺,フッコ,35.654885,139.81453,TOKYO_HARUMI
辰巳運河周辺,フッコ,35.65482029,139.8154959,TOKYO_HARUMI
辰巳運河周辺,セイゴ,35.654764,139.81526,TOKYO_HARUMI
辰巳運河周辺,フッコ,35.654637,139.814439,TOKYO_HARUMI
辰巳運河周辺,スズキ,35.654833,139.815029,TOKYO_HARUMI
辰巳運河周辺,ハゼ,35.654776,139.814697,TOKYO_HARUMI
辰巳運河周辺,ボラ,35.654689,139.81489,TOKYO_HARUMI
辰巳運河周辺,ハゼ,35.651778,139.805848,TOKYO_HARUMI
辰巳運河周辺,ハゼ,35.653235,139.806814,TOKYO_HARUMI
辰巳運河周辺,ハゼ,35.652851,139.80617,TOKYO_HARUMI
辰巳運河周辺,ハゼ,35.652388,139.805751,TOKYO_HARUMI
辰巳運河周辺,セイゴ,35.652798,139.805666,TOKYO_HARUMI
辰巳運河周辺,セイゴ,35.6532,139.80632,TOKYO_HARUMI
辰巳運河周辺,フッコ,35.652039,139.805462,TOKYO_HARUMI
辰巳運河周辺,スズキ,35.652484,139.805258,TOKYO_HARUMI
辰巳運河周辺,ボラ,35.652877,139.805215,TOKYO_HARUMI
辰巳運河周辺,ボラ,35.653182,139.805805,TOKYO_HARUMI
辰巳運河周辺,ハゼ,35.643155,139.806545,TOKYO_HARUMI
辰巳運河周辺,ハゼ,35.644315,139.806406,TOKYO_HARUMI
辰巳運河周辺,ハゼ,35.646183,139.805977,TOKYO_HARUMI
辰巳運河周辺,ハゼ,35.646209,139.806502,TOKYO_HARUMI
辰巳運河周辺,スズキ,35.646602,139.806653,TOKYO_HARUMI
辰巳運河周辺,セイゴ,35.643774,139.806642,TOKYO_HARUMI
辰巳運河周辺,スズキ,35.643495,139.807071,TOKYO_HARUMI
辰巳運河周辺,スズキ,35.644673,139.806867,TOKYO_HARUMI
辰巳運河周辺,ボラ,35.644141,139.806996,TOKYO_HARUMI
お台場周辺,ハゼ,35.628828,139.792545,TOKYO_HARUMI
お台場周辺,ハゼ,35.627976,139.793334,TOKYO_HARUMI
お台場周辺,セイゴ,35.628383,139.792727,TOKYO_HARUMI
お台場周辺,セイゴ,35.627074,139.794019,TOKYO_HARUMI
お台場周辺,セイゴ,35.626236,139.794749,TOKYO_HARUMI
お台場周辺,アイナメ,35.627458,139.793462,TOKYO_HARUMI
お台場周辺,アイナメ,35.626602,139.794127,TOKYO_HARUMI
お台場周辺,ハゼ,35.627748,139.792748,TOKYO_HARUMI
お台場周辺,ハゼ,35.62698,139.793488,TOKYO_HARUMI
お台場周辺,カレイ,35.626544,139.793499,TOKYO_HARUMI
お台場周辺,アナゴ,35.626168,139.79396,TOKYO_HARUMI
お台場周辺,アナゴ,35.627303,139.792641,TOKYO_HARUMI
お台場周辺,カレイ,35.627887,139.792126,TOKYO_HARUMI
お台場周辺,フッコ,35.628524,139.792126,TOKYO_HARUMI
お台場周辺,フッコ,35.625872,139.794508,TOKYO_HARUMI
お台場周辺,スズキ,35.626962,139.792984,TOKYO_HARUMI
お台場周辺,カレイ,35.62872395,139.7913212,TOKYO_HARUMI
お台場周辺,カレイ,35.62834011,139.7903985,TOKYO_HARUMI
お台場周辺,カレイ,35.62816641,139.7895509,TOKYO_HARUMI
お台場周辺,アナゴ,35.62806979,139.7900337,TOKYO_HARUMI
お台場周辺,ハゼ,35.628498,139.789969,TOKYO_HARUMI
お台場周辺,ハゼ,35.628961,139.790753,TOKYO_HARUMI
お台場周辺,ハゼ,35.629318,139.791332,TOKYO_HARUMI
お台場周辺,セイゴ,35.629048,139.791203,TOKYO_HARUMI
お台場周辺,セイゴ,35.628673,139.790484,TOKYO_HARUMI
お台場周辺,スズキ,35.627843,139.789594,TOKYO_HARUMI
お台場周辺,アナゴ,35.628532,139.790892,TOKYO_HARUMI
お台場周辺,ハゼ,35.627625,139.788414,TOKYO_HARUMI
お台場周辺,ハゼ,35.627311,139.786922,TOKYO_HARUMI
お台場周辺,ハゼ,35.627329,139.787727,TOKYO_HARUMI
お台場周辺,メバル,35.627425,139.788156,TOKYO_HARUMI
お台場周辺,メバル,35.62722421,139.7872227,TOKYO_HARUMI
お台場周辺,セイゴ,35.62707565,139.7875232,TOKYO_HARUMI
お台場周辺,セイゴ,35.627111,139.786804,TOKYO_HARUMI
お台場周辺,アナゴ,35.627146,139.787995,TOKYO_HARUMI
お台場周辺,カレイ,35.62671,139.786902,TOKYO_HARUMI
お台場周辺,カレイ,35.626928,139.787846,TOKYO_HARUMI
お台場周辺,ハゼ,35.626962,139.787158,TOKYO_HARUMI
浮間公園,ヘラブナ,35.793197,139.692484,TOKYO_TOSHIN
浮間公園,ヘラブナ,35.79341049,139.6928599,TOKYO_TOSHIN
浮間公園,ヘラブナ,35.793789,139.692978,TOKYO_TOSHIN
浮間公園,クチボソ,35.793611,139.692962,TOKYO_TOSHIN
浮間公園,クチボソ,35.793293,139.692683,TOKYO_TOSHIN
平井川,ヤマベ,35.740513,139.284137,TOKYO_OKUTAMA
平井川,ヤマベ,35.740731,139.284491,TOKYO_OKUTAMA
平井川,ヤマベ,35.740862,139.284877,TOKYO_OKUTAMA
平井川,ヤマベ,35.740914,139.285328,TOKYO_OKUTAMA
豊洲周辺,クロダイ,35.6479272,139.7833884,TOKYO_HARUMI
豊洲周辺,クロダイ,35.649812,139.78618,TOKYO_HARUMI
豊洲周辺,クロダイ,35.650161,139.793926,TOKYO_HARUMI
豊洲周辺,クロダイ,35.64843851,139.7955054,TOKYO_HARUMI
豊洲周辺,スズキ,35.649616,139.79425,TOKYO_HARUMI
豊洲周辺,スズキ,35.648944,139.794905,TOKYO_HARUMI
豊洲周辺,スズキ,35.649136,139.784268,TOKYO_HARUMI
豊洲周辺,スズキ,35.646967,139.781689,TOKYO_HARUMI
豊洲周辺,スズキ,35.638569,139.779085,TOKYO_HARUMI
豊洲周辺,クロダイ,35.63918,139.779112,TOKYO_HARUMI
豊洲周辺,サッパ,35.645737,139.780051,TOKYO_HARUMI
豊洲周辺,サッパ,35.642073,139.77533,TOKYO_HARUMI
豊洲周辺,コノシロ,35.640502,139.776961,TOKYO_HARUMI
豊洲周辺,コノシロ,35.643976,139.777604,TOKYO_HARUMI
豊洲周辺,イワシ,35.644953,139.778591,TOKYO_HARUMI
豊洲周辺,イワシ,35.641253,139.776059,TOKYO_HARUMI
豊洲周辺,イワシ,35.6397,139.777733,TOKYO_HARUMI
豊洲周辺,イワシ,35.643225,139.776424,TOKYO_HARUMI
豊洲周辺,イナダ,35.63944411,139.7760144,TOKYO_HARUMI
豊洲周辺,イナダ,35.643097,139.77474,TOKYO_HARUMI
豊洲周辺,タチウオ,35.644183,139.775377,TOKYO_HARUMI
豊洲周辺,タチウオ,35.640258,139.774892,TOKYO_HARUMI
豊洲周辺,ハゼ,35.644744,139.777031,TOKYO_HARUMI
豊洲周辺,ハゼ,35.641634,139.773996,TOKYO_HARUMI
豊洲周辺,ハゼ,35.638721,139.777334,TOKYO_HARUMI
豊洲周辺,スズキ,35.65326691,139.7904817,TOKYO_HARUMI
豊洲周辺,クロダイ,35.651404,139.789678,TOKYO_HARUMI
豊洲周辺,クロダイ,35.651984,139.790618,TOKYO_HARUMI
豊洲周辺,メバル,35.651799,139.789981,TOKYO_HARUMI
豊洲周辺,メバル,35.652354,139.790937,TOKYO_HARUMI
豊洲周辺,ハゼ,35.652675,139.791635,TOKYO_HARUMI
豊洲周辺,ハゼ,35.65228,139.790239,TOKYO_HARUMI
豊洲周辺,ハゼ,35.651737,139.789389,TOKYO_HARUMI
豊洲周辺,カレイ,35.652243,139.789526,TOKYO_HARUMI
豊洲周辺,フッコ,35.65281,139.791013,TOKYO_HARUMI
豊洲周辺,スズキ,35.652391,139.788934,TOKYO_HARUMI
豊洲周辺,セイゴ,35.652675,139.790193,TOKYO_HARUMI
六郷水門,ハゼ,35.543899,139.723437,TOKYO_HARUMI
六郷水門,ハゼ,35.54372,139.723426,TOKYO_HARUMI
六郷水門,ハゼ,35.543593,139.723308,TOKYO_HARUMI
六郷水門,テナガエビ,35.544148,139.72341,TOKYO_HARUMI
六郷水門,テナガエビ,35.544087,139.72326,TOKYO_HARUMI